Tick,Throttle,Speed,Current,Voltage,Speed1
27,0, 0, 0, 0, 5682
84,0, 0, 0, 0, 5682
134,0, 0, 0, 0, 5682
184,0, 0, 0, 0, 5682
234,0, 0, 0, 0, 5682
284,0, 0, 0, 0, 5682
337,0, 0, 0, 0, 5682
387,0, 0, 0, 0, 5682
437,0, 0, 0, 0, 5682
487,0, 0, 0, 0, 5682
537,0, 0, 0, 0, 5682
589,0, 0, 0, 0, 5682
639,0, 0, 0, 0, 5682
689,0, 0, 0, 0, 5682
739,0, 0, 0, 0, 5682
789,0, 0, 0, 0, 5682
841,0, 0, 0, 0, 5682
891,0, 0, 0, 0, 5682
941,0, 0, 0, 0, 5682
991,0, 0, 0, 0, 5682
1041,0, 0, 0, 0, 5682
1093,0, 0, 0, 0, 5682
1143,0, 0, 0, 0, 5682
1195,0, 0, 0, 0, 5682
1245,0, 0, 0, 0, 5682
1295,0, 0, 0, 0, 5682
1347,0, 0, 0, 0, 5682
1397,0, 0, 0, 0, 5682
1447,0, 0, 0, 0, 5682
1497,0, 0, 0, 0, 5682
1547,0, 0, 0, 0, 5682
1599,0, 0, 0, 0, 5682
1649,0, 0, 0, 0, 5682
1699,0, 0, 0, 0, 5682
1749,0, 0, 0, 0, 5682
1799,0, 0, 0, 0, 5682
1851,0, 0, 0, 0, 5682
1901,0, 0, 0, 0, 5682
1951,0, 0, 0, 0, 5682
2001,0, 0, 0, 0, 5682
2051,0, 0, 0, 0, 5682
2103,0, 0, 0, 0, 5682
2153,0, 0, 0, 0, 5682
2203,0, 0, 0, 0, 5682
2253,0, 0, 0, 0, 5682
2303,0, 0, 0, 0, 5682
2357,0, 0, 0, 0, 5682
2407,0, 0, 0, 0, 5682
2457,0, 0, 0, 0, 5682
2507,0, 0, 0, 0, 5682
2557,0, 0, 0, 0, 5682
2609,0, 0, 0, 0, 5682
2659,0, 0, 0, 0, 5682
2709,0, 0, 0, 0, 5682
2759,0, 0, 0, 0, 5682
2809,0, 0, 0, 0, 5682
2861,0, 0, 0, 0, 5682
2911,0, 0, 0, 0, 5682
2961,0, 0, 0, 0, 5682
3011,0, 0, 0, 0, 5682
3061,0, 0, 0, 0, 5682
3113,0, 0, 0, 0, 5682
3163,0, 0, 0, 0, 5682
3213,0, 0, 0, 0, 5682
3263,0, 0, 0, 0, 5682
3313,0, 0, 0, 0, 5682
3365,0, 0, 0, 0, 5682
3415,0, 0, 0, 0, 5682
3465,0, 0, 0, 0, 5682
3516,0, 0, 0, 0, 5682
3566,0, 0, 0, 0, 5682
3618,0, 0, 0, 0, 5682
3668,0, 0, 0, 0, 5682
3718,0, 0, 0, 0, 5682
3768,0, 0, 0, 0, 5682
3818,0, 0, 0, 0, 5682
3870,0, 0, 0, 0, 5682
3920,0, 0, 0, 0, 5682
3970,0, 0, 0, 0, 5682
4020,0, 0, 0, 0, 5682
4070,0, 0, 0, 0, 5682
4122,0, 0, 0, 0, 5682
4172,0, 0, 0, 0, 5682
4222,0, 0, 0, 0, 5682
4272,0, 0, 0, 0, 5682
4322,0, 0, 0, 0, 5682
4374,0, 0, 0, 0, 5682
4424,0, 0, 0, 0, 5682
4474,0, 0, 0, 0, 5682
4524,0, 0, 0, 0, 5682
4574,0, 0, 0, 0, 5682
4626,0, 0, 0, 0, 5682
4676,0, 0, 0, 0, 5682
4727,0, 0, 0, 0, 5682
4777,0, 0, 0, 0, 5682
4827,0, 0, 0, 0, 5682
4879,0, 0, 0, 0, 5682
4929,0, 0, 0, 0, 5682
4979,0, 0, 0, 0, 5682
5029,0, 0, 0, 0, 5682
5079,0, 0, 0, 0, 5682
5131,0, 0, 0, 0, 5682
5181,0, 0, 0, 0, 5682
5231,0, 0, 0, 0, 5682
5281,0, 0, 0, 0, 5682
5331,0, 0, 0, 0, 5682
5383,0, 0, 0, 0, 5682
5433,0, 0, 0, 0, 5682
5483,0, 0, 0, 0, 5682
5533,0, 0, 0, 0, 5682
5583,0, 0, 0, 0, 5682
5635,0, 0, 0, 0, 5682
5685,0, 0, 0, 0, 5682
5735,0, 0, 0, 0, 5682
5785,0, 0, 0, 0, 5682
5835,0, 0, 0, 0, 5682
5889,0, 0, 0, 0, 5682
5939,0, 0, 0, 0, 5682
5989,0, 0, 0, 0, 5682
6039,0, 0, 0, 0, 5682
6089,0, 0, 0, 0, 5682
6141,0, 0, 0, 0, 5682
6191,0, 0, 0, 0, 5682
6241,0, 0, 0, 0, 5682
6291,0, 0, 0, 0, 5682
6341,0, 0, 0, 0, 5682
6393,0, 0, 0, 0, 5682
6443,0, 0, 0, 0, 5682
6493,0, 0, 0, 0, 5682
6543,0, 0, 0, 0, 5682
6593,0, 0, 0, 0, 5682
6645,0, 0, 0, 0, 5682
6695,0, 0, 0, 0, 5682
6745,0, 0, 0, 0, 5682
6795,0, 0, 0, 0, 5682
6845,0, 0, 0, 0, 5682
6899,0, 0, 0, 0, 5682
6949,0, 0, 0, 0, 5682
6999,0, 0, 0, 0, 5682
7050,0, 0, 0, 0, 5682
7100,0, 0, 0, 0, 5682
7152,0, 0, 0, 0, 5682
7202,0, 0, 0, 0, 5682
7252,0, 0, 0, 0, 5682
7302,0, 0, 0, 0, 5682
7352,0, 0, 0, 0, 5682
7404,0, 0, 0, 0, 5682
7454,0, 0, 0, 0, 5682
7504,0, 0, 0, 0, 5682
7554,0, 0, 0, 0, 5682
7604,0, 0, 0, 0, 5682
7656,0, 0, 0, 0, 5682
7706,0, 0, 0, 0, 5682
7756,0, 0, 0, 0, 5682
7806,0, 0, 0, 0, 5682
7856,0, 0, 0, 0, 5682
7908,0, 0, 0, 0, 5682
7958,0, 0, 0, 0, 5682
8008,0, 0, 0, 0, 5682
8058,0, 0, 0, 0, 5682
8108,0, 0, 0, 0, 5682
8160,0, 0, 0, 0, 5682
8210,0, 0, 0, 0, 5682
8261,0, 0, 0, 0, 5682
8311,0, 0, 0, 0, 5682
8361,0, 0, 0, 0, 5682
8413,0, 0, 0, 0, 5682
8463,0, 0, 0, 0, 5682
8513,0, 0, 0, 0, 5682
8563,0, 0, 0, 0, 5682
8613,0, 0, 0, 0, 5682
8665,0, 0, 0, 0, 5682
8715,0, 0, 0, 0, 5682
8765,0, 0, 0, 0, 5682
8815,0, 0, 0, 0, 5682
8865,0, 0, 0, 0, 5682
8917,0, 0, 0, 0, 5682
8967,0, 0, 0, 0, 5682
9017,0, 0, 0, 0, 5682
9067,0, 0, 0, 0, 5682
9117,0, 0, 0, 0, 5682
9169,0, 0, 0, 0, 5682
9219,0, 0, 0, 0, 5682
9269,0, 0, 0, 0, 5682
9319,0, 0, 0, 0, 5682
9369,0, 0, 0, 0, 5682
9422,0, 0, 0, 0, 5682
9472,0, 0, 0, 0, 5682
9522,0, 0, 0, 0, 5682
9572,0, 0, 0, 0, 5682
9622,0, 0, 0, 0, 5682
9674,0, 0, 0, 0, 5682
9724,0, 0, 0, 0, 5682
9774,0, 0, 0, 0, 5682
9824,0, 0, 0, 0, 5682
9874,0, 0, 0, 0, 5682
9926,0, 0, 0, 0, 5682
9976,0, 0, 0, 0, 5682
10026,0, 0, 0, 0, 5682
10076,0, 0, 0, 0, 5682
10126,0, 0, 0, 0, 5682
10178,0, 0, 0, 0, 5682
10228,0, 0, 0, 0, 5682
10278,0, 0, 0, 0, 5682
10328,0, 0, 0, 0, 5682
10378,0, 0, 0, 0, 5682
10430,0, 0, 0, 0, 5682
10480,0, 0, 0, 0, 5682
10530,0, 0, 0, 0, 5682
10581,0, 0, 0, 0, 5682
10631,0, 0, 0, 0, 5682
10683,0, 0, 0, 0, 5682
10733,0, 0, 0, 0, 5682
10783,0, 0, 0, 0, 5682
10833,0, 0, 0, 0, 5682
10883,0, 0, 0, 0, 5682
10935,0, 0, 0, 0, 5682
10985,0, 0, 0, 0, 5682
11035,0, 0, 0, 0, 5682
11085,0, 0, 0, 0, 5682
11135,0, 0, 0, 0, 5682
11187,0, 0, 0, 0, 5682
11237,0, 0, 0, 0, 5682
11287,0, 0, 0, 0, 5682
11337,0, 0, 0, 0, 5682
11387,0, 0, 0, 0, 5682
11439,0, 0, 0, 0, 5682
11489,0, 0, 0, 0, 5682
11539,0, 0, 0, 0, 5682
11589,0, 0, 0, 0, 5682
11639,0, 0, 0, 0, 5682
11693,0, 0, 0, 0, 5682
11743,0, 0, 0, 0, 5682
11793,0, 0, 0, 0, 5682
11843,0, 0, 0, 0, 5682
11893,0, 0, 0, 0, 5682
11945,0, 0, 0, 0, 5682
11995,0, 0, 0, 0, 5682
12045,0, 0, 0, 0, 5682
12095,0, 0, 0, 0, 5682
12145,0, 0, 0, 0, 5682
12197,0, 0, 0, 0, 5682
12247,0, 0, 0, 0, 5682
12297,0, 0, 0, 0, 5682
12347,0, 0, 0, 0, 5682
12397,0, 0, 0, 0, 5682
12449,0, 0, 0, 0, 5682
12499,0, 0, 0, 0, 5682
12549,0, 0, 0, 0, 5682
12599,0, 0, 0, 0, 5682
12649,0, 0, 0, 0, 5682
12703,0, 0, 0, 0, 5682
12753,0, 0, 0, 0, 5682
12804,0, 0, 0, 0, 5682
12854,0, 0, 0, 0, 5682
12904,0, 0, 0, 0, 5682
12956,0, 0, 0, 0, 5682
13008,0, 0, 0, 0, 5682
13058,0, 0, 0, 0, 5682
13108,0, 0, 0, 0, 5682
13158,0, 0, 0, 0, 5682
13208,0, 0, 0, 0, 5682
13260,0, 0, 0, 0, 5682
13310,0, 0, 0, 0, 5682
13360,0, 0, 0, 0, 5682
13410,0, 0, 0, 0, 5682
13460,0, 0, 0, 0, 5682
13512,0, 0, 0, 0, 5682
13562,0, 0, 0, 0, 5682
13612,0, 0, 0, 0, 5682
13662,0, 0, 0, 0, 5682
13712,0, 0, 0, 0, 5682
13764,0, 0, 0, 0, 5682
13814,0, 0, 0, 0, 5682
13864,0, 0, 0, 0, 5682
13915,0, 0, 0, 0, 5682
13965,0, 0, 0, 0, 5682
14017,0, 0, 0, 0, 5682
14067,0, 0, 0, 0, 5682
14117,0, 0, 0, 0, 5682
14167,0, 0, 0, 0, 5682
14217,0, 0, 0, 0, 5682
14269,0, 0, 0, 0, 5682
14319,0, 0, 0, 0, 5682
14369,0, 0, 0, 0, 5682
14419,0, 0, 0, 0, 5682
14469,0, 0, 0, 0, 5682
14521,0, 0, 0, 0, 5682
14571,0, 0, 0, 0, 5682
14621,0, 0, 0, 0, 5682
14671,0, 0, 0, 0, 5682
14721,0, 0, 0, 0, 5682
14773,0, 0, 0, 0, 5682
14823,0, 0, 0, 0, 5682
14873,0, 0, 0, 0, 5682
14923,0, 0, 0, 0, 5682
14973,0, 0, 0, 0, 5682
15025,0, 0, 0, 0, 5682
15076,0, 0, 0, 0, 5682
15126,0, 0, 0, 0, 5682
15176,0, 0, 0, 0, 5682
15226,0, 0, 0, 0, 5682
15278,0, 0, 0, 0, 5682
15328,0, 0, 0, 0, 5682
15378,0, 0, 0, 0, 5682
15428,0, 0, 0, 0, 5682
15478,0, 0, 0, 0, 5682
15530,0, 0, 0, 0, 5682
15580,0, 0, 0, 0, 5682
15630,0, 0, 0, 0, 5682
15680,0, 0, 0, 0, 5682
15730,0, 0, 0, 0, 5682
15782,0, 0, 0, 0, 5682
15832,0, 0, 0, 0, 5682
15882,0, 0, 0, 0, 5682
15932,0, 0, 0, 0, 5682
15982,0, 0, 0, 0, 5682
16034,0, 0, 0, 0, 5682
16084,0, 0, 0, 0, 5682
16134,0, 0, 0, 0, 5682
16185,0, 0, 0, 0, 5682
16235,0, 0, 0, 0, 5682
16287,0, 0, 0, 0, 5682
16337,0, 0, 0, 0, 5682
16387,0, 0, 0, 0, 5682
16437,0, 0, 0, 0, 5682
16487,0, 0, 0, 0, 5682
16539,0, 0, 0, 0, 5682
16589,0, 0, 0, 0, 5682
16639,0, 0, 0, 0, 5682
16689,0, 0, 0, 0, 5682
16739,0, 0, 0, 0, 5682
16791,0, 0, 0, 0, 5682
16841,0, 0, 0, 0, 5682
16891,0, 0, 0, 0, 5682
16941,0, 0, 0, 0, 5682
16991,0, 0, 0, 0, 5682
17043,0, 0, 0, 0, 5682
17093,0, 0, 0, 0, 5682
17143,0, 0, 0, 0, 5682
17193,0, 0, 0, 0, 5682
17243,0, 0, 0, 0, 5682
17296,0, 0, 0, 0, 5682
17346,0, 0, 0, 0, 5682
17396,0, 0, 0, 0, 5682
17446,0, 0, 0, 0, 5682
17496,0, 0, 0, 0, 5682
17548,0, 0, 0, 0, 5682
17598,0, 0, 0, 0, 5682
17648,0, 0, 0, 0, 5682
17698,0, 0, 0, 0, 5682
17748,0, 0, 0, 0, 5682
17800,0, 0, 0, 0, 5682
17850,0, 0, 0, 0, 5682
17900,0, 0, 0, 0, 5682
17950,0, 0, 0, 0, 5682
18000,0, 0, 0, 0, 5682
18053,0, 0, 0, 0, 5682
18103,0, 0, 0, 0, 5682
18153,0, 0, 0, 0, 5682
18203,0, 0, 0, 0, 5682
18253,0, 0, 0, 0, 5682
18305,0, 0, 0, 0, 5682
18355,0, 0, 0, 0, 5682
18406,0, 0, 0, 0, 5682
18456,0, 0, 0, 0, 5682
18506,0, 0, 0, 0, 5682
18558,0, 0, 0, 0, 5682
18608,0, 0, 0, 0, 5682
18658,0, 0, 0, 0, 5682
18708,0, 0, 0, 0, 5682
18758,0, 0, 0, 0, 5682
18810,0, 0, 0, 0, 5682
18860,0, 0, 0, 0, 5682
18910,0, 0, 0, 0, 5682
18960,0, 0, 0, 0, 5682
19010,0, 0, 0, 0, 5682
19062,0, 0, 0, 0, 5682
19112,0, 0, 0, 0, 5682
19162,0, 0, 0, 0, 5682
19212,0, 0, 0, 0, 5682
19262,0, 0, 0, 0, 5682
19314,0, 0, 0, 0, 5682
19364,0, 0, 0, 0, 5682
19414,0, 0, 0, 0, 5682
19464,0, 0, 0, 0, 5682
19514,0, 0, 0, 0, 5682
19567,0, 0, 0, 0, 5682
19617,0, 0, 0, 0, 5682
19667,0, 0, 0, 0, 5682
19717,0, 0, 0, 0, 5682
19767,0, 0, 0, 0, 5682
19819,0, 0, 0, 0, 5682
19869,0, 0, 0, 0, 5682
19919,0, 0, 0, 0, 5682
19969,0, 0, 0, 0, 5682
20019,0, 0, 0, 0, 5682
20071,0, 0, 0, 0, 5682
20121,0, 0, 0, 0, 5682
20171,0, 0, 0, 0, 5682
20221,0, 0, 0, 0, 5682
20271,0, 0, 0, 0, 5682
20323,0, 0, 0, 0, 5682
20373,0, 0, 0, 0, 5682
20423,0, 0, 0, 0, 5682
20473,0, 0, 0, 0, 5682
20523,0, 0, 0, 0, 5682
20575,0, 0, 0, 0, 5682
20625,0, 0, 0, 0, 5682
20676,0, 0, 0, 0, 5682
20726,0, 0, 0, 0, 5682
20776,0, 0, 0, 0, 5682
20828,0, 0, 0, 0, 5682
20878,0, 0, 0, 0, 5682
20928,0, 0, 0, 0, 5682
20978,0, 0, 0, 0, 5682
21028,0, 0, 0, 0, 5682
21080,0, 0, 0, 0, 5682
21130,0, 0, 0, 0, 5682
21180,0, 0, 0, 0, 5682
21230,0, 0, 0, 0, 5682
21280,0, 0, 0, 0, 5682
21332,0, 0, 0, 0, 5682
21382,0, 0, 0, 0, 5682
21432,0, 0, 0, 0, 5682
21482,0, 0, 0, 0, 5682
21532,0, 0, 0, 0, 5682
21584,0, 0, 0, 0, 5682
21634,0, 0, 0, 0, 5682
21684,0, 0, 0, 0, 5682
21734,0, 0, 0, 0, 5682
21785,0, 0, 0, 0, 5682
21837,0, 0, 0, 0, 5682
21887,0, 0, 0, 0, 5682
21937,0, 0, 0, 0, 5682
21987,0, 0, 0, 0, 5682
22037,0, 0, 0, 0, 5682
22089,0, 0, 0, 0, 5682
22139,0, 0, 0, 0, 5682
22189,0, 0, 0, 0, 5682
22239,0, 0, 0, 0, 5682
22289,0, 0, 0, 0, 5682
22341,0, 0, 0, 0, 5682
22391,0, 0, 0, 0, 5682
22441,0, 0, 0, 0, 5682
22491,0, 0, 0, 0, 5682
22541,0, 0, 0, 0, 5682
22593,0, 0, 0, 0, 5682
22643,0, 0, 0, 0, 5682
22693,0, 0, 0, 0, 5682
22743,0, 0, 0, 0, 5682
22793,0, 0, 0, 0, 5682
22845,0, 0, 0, 0, 5682
22896,0, 0, 0, 0, 5682
22946,0, 0, 0, 0, 5682
22996,0, 0, 0, 0, 5682
23046,0, 0, 0, 0, 5682
23098,0, 0, 0, 0, 5682
23148,0, 0, 0, 0, 5682
23198,0, 0, 0, 0, 5682
23248,0, 0, 0, 0, 5682
23298,0, 0, 0, 0, 5682
23350,0, 0, 0, 0, 5682
23400,0, 0, 0, 0, 5682
23450,0, 0, 0, 0, 5682
23500,0, 0, 0, 0, 5682
23550,0, 0, 0, 0, 5682
23602,0, 0, 0, 0, 5682
23652,0, 0, 0, 0, 5682
23702,0, 0, 0, 0, 5682
23752,0, 0, 0, 0, 5682
23802,0, 0, 0, 0, 5682
23856,0, 0, 0, 0, 5682
23906,0, 0, 0, 0, 5682
23956,0, 0, 0, 0, 5682
24006,0, 0, 0, 0, 5682
24057,0, 0, 0, 0, 5682
24109,0, 0, 0, 0, 5682
24159,0, 0, 0, 0, 5682
24209,0, 0, 0, 0, 5682
24259,0, 0, 0, 0, 5682
24309,0, 0, 0, 0, 5682
24361,0, 0, 0, 0, 5682
24411,0, 0, 0, 0, 5682
24461,0, 0, 0, 0, 5682
24511,0, 0, 0, 0, 5682
24561,0, 0, 0, 0, 5682
24613,0, 0, 0, 0, 5682
24663,0, 0, 0, 0, 5682
24713,0, 0, 0, 0, 5682
24763,0, 0, 0, 0, 5682
24813,0, 0, 0, 0, 5682
24865,0, 0, 0, 0, 5682
24915,0, 0, 0, 0, 5682
24965,0, 0, 0, 0, 5682
25015,0, 0, 0, 0, 5682
25065,0, 0, 0, 0, 5682
25117,0, 0, 0, 0, 5682
25168,0, 0, 0, 0, 5682
25218,0, 0, 0, 0, 5682
25268,0, 0, 0, 0, 5682
25318,0, 0, 0, 0, 5682
25370,0, 0, 0, 0, 5682
25420,0, 0, 0, 0, 5682
25470,0, 0, 0, 0, 5682
25520,0, 0, 0, 0, 5682
25570,0, 0, 0, 0, 5682
25622,0, 0, 0, 0, 5682
25672,0, 0, 0, 0, 5682
25722,0, 0, 0, 0, 5682
25772,0, 0, 0, 0, 5682
25822,0, 0, 0, 0, 5682
25874,0, 0, 0, 0, 5682
25926,0, 0, 0, 0, 5682
25976,0, 0, 0, 0, 5682
26026,0, 0, 0, 0, 5682
26076,0, 0, 0, 0, 5682
26126,0, 0, 0, 0, 5682
26178,0, 0, 0, 0, 5682
26228,0, 0, 0, 0, 5682
26279,0, 0, 0, 0, 5682
26329,0, 0, 0, 0, 5682
26379,0, 0, 0, 0, 5682
26431,0, 0, 0, 0, 5682
26481,0, 0, 0, 0, 5682
26531,0, 0, 0, 0, 5682
26581,0, 0, 0, 0, 5682
26631,0, 0, 0, 0, 5682
26683,0, 0, 0, 0, 5682
26733,0, 0, 0, 0, 5682
26783,0, 0, 0, 0, 5682
26833,0, 0, 0, 0, 5682
26883,0, 0, 0, 0, 5682
26935,0, 0, 0, 0, 5682
26985,0, 0, 0, 0, 5682
27035,0, 0, 0, 0, 5682
27085,0, 0, 0, 0, 5682
27135,0, 0, 0, 0, 5682
27187,0, 0, 0, 0, 5682
27237,0, 0, 0, 0, 5682
27287,0, 0, 0, 0, 5682
27337,0, 0, 0, 0, 5682
27387,0, 0, 0, 0, 5682
27440,0, 0, 0, 0, 5682
27490,0, 0, 0, 0, 5682
27540,0, 0, 0, 0, 5682
27590,0, 0, 0, 0, 5682
27640,0, 0, 0, 0, 5682
27692,0, 0, 0, 0, 5682
27742,0, 0, 0, 0, 5682
27792,0, 0, 0, 0, 5682
27842,0, 0, 0, 0, 5682
27892,0, 0, 0, 0, 5682
27944,0, 0, 0, 0, 5682
27994,0, 0, 0, 0, 5682
28044,0, 0, 0, 0, 5682
28094,0, 0, 0, 0, 5682
28144,0, 0, 0, 0, 5682
28196,0, 0, 0, 0, 5682
28246,0, 0, 0, 0, 5682
28296,0, 0, 0, 0, 5682
28346,0, 0, 0, 0, 5682
28396,0, 0, 0, 0, 5682
28448,0, 0, 0, 0, 5682
28498,0, 0, 0, 0, 5682
28549,0, 0, 0, 0, 5682
28599,0, 0, 0, 0, 5682
28649,0, 0, 0, 0, 5682
28701,0, 0, 0, 0, 5682
28751,0, 0, 0, 0, 5682
28801,0, 0, 0, 0, 5682
28851,0, 0, 0, 0, 5682
28901,0, 0, 0, 0, 5682
28953,0, 0, 0, 0, 5682
29003,0, 0, 0, 0, 5682
29053,0, 0, 0, 0, 5682
29103,0, 0, 0, 0, 5682
29153,0, 0, 0, 0, 5682
29207,0, 0, 0, 0, 5682
29257,0, 0, 0, 0, 5682
29307,0, 0, 0, 0, 5682
29357,0, 0, 0, 0, 5682
29407,0, 0, 0, 0, 5682
29459,0, 0, 0, 0, 5682
29509,0, 0, 0, 0, 5682
29559,0, 0, 0, 0, 5682
29609,0, 0, 0, 0, 5682
29660,0, 0, 0, 0, 5682
29712,0, 0, 0, 0, 5682
29762,0, 0, 0, 0, 5682
29812,0, 0, 0, 0, 5682
29862,0, 0, 0, 0, 5682
29912,0, 0, 0, 0, 5682
29964,0, 0, 0, 0, 5682
30014,0, 0, 0, 0, 5682
30064,0, 0, 0, 0, 5682
30114,0, 0, 0, 0, 5682
30164,0, 0, 0, 0, 5682
30216,0, 0, 0, 0, 5682
30266,0, 0, 0, 0, 5682
30316,0, 0, 0, 0, 5682
30366,0, 0, 0, 0, 5682
30416,0, 0, 0, 0, 5682
30468,0, 0, 0, 0, 5682
30518,0, 0, 0, 0, 5682
30568,0, 0, 0, 0, 5682
30618,0, 0, 0, 0, 5682
30668,0, 0, 0, 0, 5682
30720,0, 0, 0, 0, 5682
30771,0, 0, 0, 0, 5682
30821,0, 0, 0, 0, 5682
30871,0, 0, 0, 0, 5682
30921,0, 0, 0, 0, 5682
30973,0, 0, 0, 0, 5682
31023,0, 0, 0, 0, 5682
31073,0, 0, 0, 0, 5682
31123,0, 0, 0, 0, 5682
31173,0, 0, 0, 0, 5682
31225,0, 0, 0, 0, 5682
31275,0, 0, 0, 0, 5682
31325,0, 0, 0, 0, 5682
31375,0, 0, 0, 0, 5682
31425,0, 0, 0, 0, 5682
31477,0, 0, 0, 0, 5682
31527,0, 0, 0, 0, 5682
31577,0, 0, 0, 0, 5682
31627,0, 0, 0, 0, 5682
31677,0, 0, 0, 0, 5682
31729,0, 0, 0, 0, 5682
31779,0, 0, 0, 0, 5682
31829,0, 0, 0, 0, 5682
31879,0, 0, 0, 0, 5682
31930,0, 0, 0, 0, 5682
31982,0, 0, 0, 0, 5682
32032,0, 0, 0, 0, 5682
32082,0, 0, 0, 0, 5682
32132,0, 0, 0, 0, 5682
32182,0, 0, 0, 0, 5682
32234,0, 0, 0, 0, 5682
32284,0, 0, 0, 0, 5682
32334,0, 0, 0, 0, 5682
32384,0, 0, 0, 0, 5682
32434,0, 0, 0, 0, 5682
32486,0, 0, 0, 0, 5682
32536,0, 0, 0, 0, 5682
32586,0, 0, 0, 0, 5682
32636,0, 0, 0, 0, 5682
32686,0, 0, 0, 0, 5682
32738,0, 0, 0, 0, 5682
32788,0, 0, 0, 0, 5682
32838,0, 0, 0, 0, 5682
32888,0, 0, 0, 0, 5682
32938,0, 0, 0, 0, 5682
32990,0, 0, 0, 0, 5682
33041,0, 0, 0, 0, 5682
33091,0, 0, 0, 0, 5682
33141,0, 0, 0, 0, 5682
33191,0, 0, 0, 0, 5682
33243,0, 0, 0, 0, 5682
33293,0, 0, 0, 0, 5682
33343,0, 0, 0, 0, 5682
33393,0, 0, 0, 0, 5682
33443,0, 0, 0, 0, 5682
33495,0, 0, 0, 0, 5682
33545,0, 0, 0, 0, 5682
33595,0, 0, 0, 0, 5682
33645,0, 0, 0, 0, 5682
33695,0, 0, 0, 0, 5682
33747,0, 0, 0, 0, 5682
33797,0, 0, 0, 0, 5682
33847,0, 0, 0, 0, 5682
33897,0, 0, 0, 0, 5682
33947,0, 0, 0, 0, 5682
33999,0, 0, 0, 0, 5682
34049,0, 0, 0, 0, 5682
34099,0, 0, 0, 0, 5682
34150,0, 0, 0, 0, 5682
34200,0, 0, 0, 0, 5682
34252,0, 0, 0, 0, 5682
34302,0, 0, 0, 0, 5682
34352,0, 0, 0, 0, 5682
34402,0, 0, 0, 0, 5682
34452,0, 0, 0, 0, 5682
34504,0, 0, 0, 0, 5682
34554,0, 0, 0, 0, 5682
34604,0, 0, 0, 0, 5682
34654,0, 0, 0, 0, 5682
34704,0, 0, 0, 0, 5682
34756,0, 0, 0, 0, 5682
34806,0, 0, 0, 0, 5682
34856,0, 0, 0, 0, 5682
34906,0, 0, 0, 0, 5682
34956,0, 0, 0, 0, 5682
35010,0, 0, 0, 0, 5682
35060,0, 0, 0, 0, 5682
35110,0, 0, 0, 0, 5682
35160,0, 0, 0, 0, 5682
35210,0, 0, 0, 0, 5682
35263,0, 0, 0, 0, 5682
35313,0, 0, 0, 0, 5682
35363,0, 0, 0, 0, 5682
35413,0, 0, 0, 0, 5682
35463,0, 0, 0, 0, 5682
35515,0, 0, 0, 0, 5682
35565,0, 0, 0, 0, 5682
35615,0, 0, 0, 0, 5682
35665,0, 0, 0, 0, 5682
35715,0, 0, 0, 0, 5682
35767,0, 0, 0, 0, 5682
35817,0, 0, 0, 0, 5682
35867,0, 0, 0, 0, 5682
35917,0, 0, 0, 0, 5682
35967,0, 0, 0, 0, 5682
36019,0, 0, 0, 0, 5682
36069,0, 0, 0, 0, 5682
36119,0, 0, 0, 0, 5682
36169,0, 0, 0, 0, 5682
36219,0, 0, 0, 0, 5682
36271,0, 0, 0, 0, 5682
36321,0, 0, 0, 0, 5682
36371,0, 0, 0, 0, 5682
36423,0, 0, 0, 0, 5682
36473,0, 0, 0, 0, 5682
36530,0, 0, 0, 0, 5682
36580,0, 0, 0, 0, 5682
36630,0, 0, 0, 0, 5682
36680,0, 0, 0, 0, 5682
36730,0, 0, 0, 0, 5682
36783,0, 0, 0, 0, 5682
36833,0, 0, 0, 0, 5682
36883,0, 0, 0, 0, 5682
36933,0, 0, 0, 0, 5682
36983,0, 0, 0, 0, 5682
37035,0, 0, 0, 0, 5682
37085,0, 0, 0, 0, 5682
37135,0, 0, 0, 0, 5682
37185,0, 0, 0, 0, 5682
37235,0, 0, 0, 0, 5682
37287,0, 0, 0, 0, 5682
37337,0, 0, 0, 0, 5682
37387,0, 0, 0, 0, 5682
37437,0, 0, 0, 0, 5682
37487,0, 0, 0, 0, 5682
37540,0, 0, 0, 0, 5682
37590,0, 0, 0, 0, 5682
37640,0, 0, 0, 0, 5682
37690,0, 0, 0, 0, 5682
37740,0, 0, 0, 0, 5682
37792,0, 0, 0, 0, 5682
37842,0, 0, 0, 0, 5682
37892,0, 0, 0, 0, 5682
37942,0, 0, 0, 0, 5682
37992,0, 0, 0, 0, 5682
38044,0, 0, 0, 0, 5682
38094,0, 0, 0, 0, 5682
38144,0, 0, 0, 0, 5682
38194,0, 0, 0, 0, 5682
38244,0, 0, 0, 0, 5682
38296,0, 0, 0, 0, 5682
38346,0, 0, 0, 0, 5682
38396,0, 0, 0, 0, 5682
38446,0, 0, 0, 0, 5682
38496,0, 0, 0, 0, 5682
38548,0, 0, 0, 0, 5682
38598,0, 0, 0, 0, 5682
38649,0, 0, 0, 0, 5682
38699,0, 0, 0, 0, 5682
38749,0, 0, 0, 0, 5682
38801,0, 0, 0, 0, 5682
38853,0, 0, 0, 0, 5682
38903,0, 0, 0, 0, 5682
38953,0, 0, 0, 0, 5682
39003,0, 0, 0, 0, 5682
39053,0, 0, 0, 0, 5682
39105,0, 0, 0, 0, 5682
39155,0, 0, 0, 0, 5682
39205,0, 0, 0, 0, 5682
39255,0, 0, 0, 0, 5682
39305,0, 0, 0, 0, 5682
39357,0, 0, 0, 0, 5682
39407,0, 0, 0, 0, 5682
39457,0, 0, 0, 0, 5682
39507,0, 0, 0, 0, 5682
39557,0, 0, 0, 0, 5682
39609,0, 0, 0, 0, 5682
39659,0, 0, 0, 0, 5682
39709,0, 0, 0, 0, 5682
39760,0, 0, 0, 0, 5682
39810,0, 0, 0, 0, 5682
39862,0, 0, 0, 0, 5682
39912,0, 0, 0, 0, 5682
39962,0, 0, 0, 0, 5682
40012,0, 0, 0, 0, 5682
40062,0, 0, 0, 0, 5682
40116,0, 0, 0, 0, 5682
40166,0, 0, 0, 0, 5682
40216,0, 0, 0, 0, 5682
40266,0, 0, 0, 0, 5682
40316,0, 0, 0, 0, 5682
40368,0, 0, 0, 0, 5682
40418,0, 0, 0, 0, 5682
40468,0, 0, 0, 0, 5682
40518,0, 0, 0, 0, 5682
40568,0, 0, 0, 0, 5682
40620,0, 0, 0, 0, 5682
40670,0, 0, 0, 0, 5682
40720,0, 0, 0, 0, 5682
40770,0, 0, 0, 0, 5682
40820,0, 0, 0, 0, 5682
40872,0, 0, 0, 0, 5682
40923,0, 0, 0, 0, 5682
40973,0, 0, 0, 0, 5682
41023,0, 0, 0, 0, 5682
41073,0, 0, 0, 0, 5682
41125,0, 0, 0, 0, 5682
41175,0, 0, 0, 0, 5682
41225,0, 0, 0, 0, 5682
41275,0, 0, 0, 0, 5682
41325,0, 0, 0, 0, 5682
41377,0, 0, 0, 0, 5682
41427,0, 0, 0, 0, 5682
41477,0, 0, 0, 0, 5682
41527,0, 0, 0, 0, 5682
41577,0, 0, 0, 0, 5682
41629,0, 0, 0, 0, 5682
41679,0, 0, 0, 0, 5682
41729,0, 0, 0, 0, 5682
41779,0, 0, 0, 0, 5682
41829,0, 0, 0, 0, 5682
41881,0, 0, 0, 0, 5682
41931,0, 0, 0, 0, 5682
41981,0, 0, 0, 0, 5682
42032,0, 0, 0, 0, 5682
42082,0, 0, 0, 0, 5682
42134,0, 0, 0, 0, 5682
42184,0, 0, 0, 0, 5682
42234,0, 0, 0, 0, 5682
42284,0, 0, 0, 0, 5682
42334,0, 0, 0, 0, 5682
42386,0, 0, 0, 0, 5682
42436,0, 0, 0, 0, 5682
42486,0, 0, 0, 0, 5682
42536,0, 0, 0, 0, 5682
42586,0, 0, 0, 0, 5682
42638,0, 0, 0, 0, 5682
42688,0, 0, 0, 0, 5682
42738,0, 0, 0, 0, 5682
42788,0, 0, 0, 0, 5682
42838,0, 0, 0, 0, 5682
42890,0, 0, 0, 0, 5682
42940,0, 0, 0, 0, 5682
42990,0, 0, 0, 0, 5682
43040,0, 0, 0, 0, 5682
43090,0, 0, 0, 0, 5682
43144,0, 0, 0, 0, 5682
43194,0, 0, 0, 0, 5682
43244,0, 0, 0, 0, 5682
43294,0, 0, 0, 0, 5682
43344,0, 0, 0, 0, 5682
43396,0, 0, 0, 0, 5682
43446,0, 0, 0, 0, 5682
43496,0, 0, 0, 0, 5682
43546,0, 0, 0, 0, 5682
43596,0, 0, 0, 0, 5682
43648,0, 0, 0, 0, 5682
43698,0, 0, 0, 0, 5682
43748,0, 0, 0, 0, 5682
43798,0, 0, 0, 0, 5682
43848,0, 0, 0, 0, 5682
43900,0, 0, 0, 0, 5682
43950,0, 0, 0, 0, 5682
44000,0, 0, 0, 0, 5682
44050,0, 0, 0, 0, 5682
44100,0, 0, 0, 0, 5682
44152,0, 0, 0, 0, 5682
44202,0, 0, 0, 0, 5682
44253,0, 0, 0, 0, 5682
44303,0, 0, 0, 0, 5682
44353,0, 0, 0, 0, 5682
44405,0, 0, 0, 0, 5682
44455,0, 0, 0, 0, 5682
44505,0, 0, 0, 0, 5682
44555,0, 0, 0, 0, 5682
44605,0, 0, 0, 0, 5682
44657,0, 0, 0, 0, 5682
44707,0, 0, 0, 0, 5682
44757,0, 0, 0, 0, 5682
44807,0, 0, 0, 0, 5682
44857,0, 0, 0, 0, 5682
44909,0, 0, 0, 0, 5682
44959,0, 0, 0, 0, 5682
45009,0, 0, 0, 0, 5682
45059,0, 0, 0, 0, 5682
45109,0, 0, 0, 0, 5682
45161,0, 0, 0, 0, 5682
45211,0, 0, 0, 0, 5682
45261,0, 0, 0, 0, 5682
45311,0, 0, 0, 0, 5682
45361,0, 0, 0, 0, 5682
45414,0, 0, 0, 0, 5682
45464,0, 0, 0, 0, 5682
45514,0, 0, 0, 0, 5682
45564,0, 0, 0, 0, 5682
45614,0, 0, 0, 0, 5682
45667,0, 0, 0, 0, 5682
45717,0, 0, 0, 0, 5682
45767,0, 0, 0, 0, 5682
45817,0, 0, 0, 0, 5682
45867,0, 0, 0, 0, 5682
45919,0, 0, 0, 0, 5682
45969,0, 0, 0, 0, 5682
46019,0, 0, 0, 0, 5682
46069,0, 0, 0, 0, 5682
46119,0, 0, 0, 0, 5682
46171,0, 0, 0, 0, 5682
46221,0, 0, 0, 0, 5682
46271,0, 0, 0, 0, 5682
46321,0, 0, 0, 0, 5682
46371,0, 0, 0, 0, 5682
46423,0, 0, 0, 0, 5682
46473,0, 0, 0, 0, 5682
46524,0, 0, 0, 0, 5682
46574,0, 0, 0, 0, 5682
46624,0, 0, 0, 0, 5682
46676,0, 0, 0, 0, 5682
46726,0, 0, 0, 0, 5682
46776,0, 0, 0, 0, 5682
46826,0, 0, 0, 0, 5682
46876,0, 0, 0, 0, 5682
46928,0, 0, 0, 0, 5682
46978,0, 0, 0, 0, 5682
47028,0, 0, 0, 0, 5682
47078,0, 0, 0, 0, 5682
47128,0, 0, 0, 0, 5682
47180,0, 0, 0, 0, 5682
47230,0, 0, 0, 0, 5682
47280,0, 0, 0, 0, 5682
47330,0, 0, 0, 0, 5682
47380,0, 0, 0, 0, 5682
47432,0, 0, 0, 0, 5682
47482,0, 0, 0, 0, 5682
47532,0, 0, 0, 0, 5682
47582,0, 0, 0, 0, 5682
47633,0, 0, 0, 0, 5682
47685,0, 0, 0, 0, 5682
47735,0, 0, 0, 0, 5682
47785,0, 0, 0, 0, 5682
47835,0, 0, 0, 0, 5682
47885,0, 0, 0, 0, 5682
47937,0, 0, 0, 0, 5682
47987,0, 0, 0, 0, 5682
48037,0, 0, 0, 0, 5682
48087,0, 0, 0, 0, 5682
48137,0, 0, 0, 0, 5682
48189,0, 0, 0, 0, 5682
48239,0, 0, 0, 0, 5682
48289,0, 0, 0, 0, 5682
48339,0, 0, 0, 0, 5682
48389,0, 0, 0, 0, 5682
48441,0, 0, 0, 0, 5682
48491,0, 0, 0, 0, 5682
48541,0, 0, 0, 0, 5682
48591,0, 0, 0, 0, 5682
48641,0, 0, 0, 0, 5682
48693,0, 0, 0, 0, 5682
48744,0, 0, 0, 0, 5682
48794,0, 0, 0, 0, 5682
48844,0, 0, 0, 0, 5682
48894,0, 0, 0, 0, 5682
48946,0, 0, 0, 0, 5682
48996,0, 0, 0, 0, 5682
49046,0, 0, 0, 0, 5682
49096,0, 0, 0, 0, 5682
49146,0, 0, 0, 0, 5682
49198,0, 0, 0, 0, 5682
49248,0, 0, 0, 0, 5682
49298,0, 0, 0, 0, 5682
49348,0, 0, 0, 0, 5682
49398,0, 0, 0, 0, 5682
49450,0, 0, 0, 0, 5682
49500,0, 0, 0, 0, 5682
49550,0, 0, 0, 0, 5682
49600,0, 0, 0, 0, 5682
49650,0, 0, 0, 0, 5682
49702,0, 0, 0, 0, 5682
49752,0, 0, 0, 0, 5682
49802,0, 0, 0, 0, 5682
49852,0, 0, 0, 0, 5682
49903,0, 0, 0, 0, 5682
49955,0, 0, 0, 0, 5682
50005,0, 0, 0, 0, 5682
50055,0, 0, 0, 0, 5682
50105,0, 0, 0, 0, 5682
50155,0, 0, 0, 0, 5682
50207,0, 0, 0, 0, 5682
50257,0, 0, 0, 0, 5682
50307,0, 0, 0, 0, 5682
50357,0, 0, 0, 0, 5682
50407,0, 0, 0, 0, 5682
50459,0, 0, 0, 0, 5682
50509,0, 0, 0, 0, 5682
50559,0, 0, 0, 0, 5682
50609,0, 0, 0, 0, 5682
50659,0, 0, 0, 0, 5682
50711,0, 0, 0, 0, 5682
50761,0, 0, 0, 0, 5682
50811,0, 0, 0, 0, 5682
50861,0, 0, 0, 0, 5682
50911,0, 0, 0, 0, 5682
50963,0, 0, 0, 0, 5682
51014,0, 0, 0, 0, 5682
51064,0, 0, 0, 0, 5682
51114,0, 0, 0, 0, 5682
51164,0, 0, 0, 0, 5682
51216,0, 0, 0, 0, 5682
51266,0, 0, 0, 0, 5682
51316,0, 0, 0, 0, 5682
51366,0, 0, 0, 0, 5682
51416,0, 0, 0, 0, 5682
51470,0, 0, 0, 0, 5682
51520,0, 0, 0, 0, 5682
51570,0, 0, 0, 0, 5682
51620,0, 0, 0, 0, 5682
51670,0, 0, 0, 0, 5682
51722,0, 0, 0, 0, 5682
51774,0, 0, 0, 0, 5682
51824,0, 0, 0, 0, 5682
51874,0, 0, 0, 0, 5682
51924,0, 0, 0, 0, 5682
51974,0, 0, 0, 0, 5682
52026,0, 0, 0, 0, 5682
52076,0, 0, 0, 0, 5682
52127,0, 0, 0, 0, 5682
52177,0, 0, 0, 0, 5682
52227,0, 0, 0, 0, 5682
52279,0, 0, 0, 0, 5682
52329,0, 0, 0, 0, 5682
52379,0, 0, 0, 0, 5682
52429,0, 0, 0, 0, 5682
52479,0, 0, 0, 0, 5682
52531,0, 0, 0, 0, 5682
52581,0, 0, 0, 0, 5682
52631,0, 0, 0, 0, 5682
52681,0, 0, 0, 0, 5682
52731,0, 0, 0, 0, 5682
52783,0, 0, 0, 0, 5682
52833,0, 0, 0, 0, 5682
52883,0, 0, 0, 0, 5682
52933,0, 0, 0, 0, 5682
52983,0, 0, 0, 0, 5682
53035,0, 0, 0, 0, 5682
53085,0, 0, 0, 0, 5682
53135,0, 0, 0, 0, 5682
53185,0, 0, 0, 0, 5682
53235,0, 0, 0, 0, 5682
53288,0, 0, 0, 0, 5682
53338,0, 0, 0, 0, 5682
53388,0, 0, 0, 0, 5682
53438,0, 0, 0, 0, 5682
53488,0, 0, 0, 0, 5682
53540,0, 0, 0, 0, 5682
53590,0, 0, 0, 0, 5682
53640,0, 0, 0, 0, 5682
53690,0, 0, 0, 0, 5682
53740,0, 0, 0, 0, 5682
53792,0, 0, 0, 0, 5682
53842,0, 0, 0, 0, 5682
53892,0, 0, 0, 0, 5682
53942,0, 0, 0, 0, 5682
53992,0, 0, 0, 0, 5682
54044,0, 0, 0, 0, 5682
54094,0, 0, 0, 0, 5682
54144,0, 0, 0, 0, 5682
54194,0, 0, 0, 0, 5682
54244,0, 0, 0, 0, 5682
54296,0, 0, 0, 0, 5682
54346,0, 0, 0, 0, 5682
54397,0, 0, 0, 0, 5682
54447,0, 0, 0, 0, 5682
54497,0, 0, 0, 0, 5682
54549,0, 0, 0, 0, 5682
54599,0, 0, 0, 0, 5682
54649,0, 0, 0, 0, 5682
54699,0, 0, 0, 0, 5682
54749,0, 0, 0, 0, 5682
54801,0, 0, 0, 0, 5682
54851,0, 0, 0, 0, 5682
54901,0, 0, 0, 0, 5682
54951,0, 0, 0, 0, 5682
55001,0, 0, 0, 0, 5682
55053,0, 0, 0, 0, 5682
55103,0, 0, 0, 0, 5682
55153,0, 0, 0, 0, 5682
55203,0, 0, 0, 0, 5682
55253,0, 0, 0, 0, 5682
55305,0, 0, 0, 0, 5682
55355,0, 0, 0, 0, 5682
55405,0, 0, 0, 0, 5682
55455,0, 0, 0, 0, 5682
55506,0, 0, 0, 0, 5682
55558,0, 0, 0, 0, 5682
55608,0, 0, 0, 0, 5682
55658,0, 0, 0, 0, 5682
55708,0, 0, 0, 0, 5682
55758,0, 0, 0, 0, 5682
55810,0, 0, 0, 0, 5682
55860,0, 0, 0, 0, 5682
55910,0, 0, 0, 0, 5682
55960,0, 0, 0, 0, 5682
56010,0, 0, 0, 0, 5682
56062,0, 0, 0, 0, 5682
56112,0, 0, 0, 0, 5682
56162,0, 0, 0, 0, 5682
56212,0, 0, 0, 0, 5682
56262,0, 0, 0, 0, 5682
56314,0, 0, 0, 0, 5682
56364,0, 0, 0, 0, 5682
56414,0, 0, 0, 0, 5682
56464,0, 0, 0, 0, 5682
56514,0, 0, 0, 0, 5682
56566,0, 0, 0, 0, 5682
56617,0, 0, 0, 0, 5682
56667,0, 0, 0, 0, 5682
56717,0, 0, 0, 0, 5682
56767,0, 0, 0, 0, 5682
56821,0, 0, 0, 0, 5682
56871,0, 0, 0, 0, 5682
56921,0, 0, 0, 0, 5682
56971,0, 0, 0, 0, 5682
57021,0, 0, 0, 0, 5682
57073,0, 0, 0, 0, 5682
57123,0, 0, 0, 0, 5682
57173,0, 0, 0, 0, 5682
57223,0, 0, 0, 0, 5682
57273,0, 0, 0, 0, 5682
57325,0, 0, 0, 0, 5682
57375,0, 0, 0, 0, 5682
57425,0, 0, 0, 0, 5682
57475,0, 0, 0, 0, 5682
57525,0, 0, 0, 0, 5682
57577,0, 0, 0, 0, 5682
57627,0, 0, 0, 0, 5682
57677,0, 0, 0, 0, 5682
57727,0, 0, 0, 0, 5682
57778,0, 0, 0, 0, 5682
57830,0, 0, 0, 0, 5682
57880,0, 0, 0, 0, 5682
57930,0, 0, 0, 0, 5682
57980,0, 0, 0, 0, 5682
58030,0, 0, 0, 0, 5682
58082,0, 0, 0, 0, 5682
58132,0, 0, 0, 0, 5682
58182,0, 0, 0, 0, 5682
58232,0, 0, 0, 0, 5682
58282,0, 0, 0, 0, 5682
58334,0, 0, 0, 0, 5682
58384,0, 0, 0, 0, 5682
58434,0, 0, 0, 0, 5682
58484,0, 0, 0, 0, 5682
58534,0, 0, 0, 0, 5682
58586,0, 0, 0, 0, 5682
58636,0, 0, 0, 0, 5682
58686,0, 0, 0, 0, 5682
58736,0, 0, 0, 0, 5682
58786,0, 0, 0, 0, 5682
58838,0, 0, 0, 0, 5682
58889,0, 0, 0, 0, 5682
58939,0, 0, 0, 0, 5682
58989,0, 0, 0, 0, 5682
59039,0, 0, 0, 0, 5682
59091,0, 0, 0, 0, 5682
59141,0, 0, 0, 0, 5682
59191,0, 0, 0, 0, 5682
59241,0, 0, 0, 0, 5682
59291,0, 0, 0, 0, 5682
59343,0, 0, 0, 0, 5682
59393,0, 0, 0, 0, 5682
59443,0, 0, 0, 0, 5682
59493,0, 0, 0, 0, 5682
59543,0, 0, 0, 0, 5682
59595,0, 0, 0, 0, 5682
59645,0, 0, 0, 0, 5682
59695,0, 0, 0, 0, 5682
59745,0, 0, 0, 0, 5682
59795,0, 0, 0, 0, 5682
59847,0, 0, 0, 0, 5682
59897,0, 0, 0, 0, 5682
59947,0, 0, 0, 0, 5682
59998,0, 0, 0, 0, 5682
60048,0, 0, 0, 0, 5682
60100,0, 0, 0, 0, 5682
60150,0, 0, 0, 0, 5682
60200,0, 0, 0, 0, 5682
60250,0, 0, 0, 0, 5682
60300,0, 0, 0, 0, 5682
60352,0, 0, 0, 0, 5682
60402,0, 0, 0, 0, 5682
60452,0, 0, 0, 0, 5682
60502,0, 0, 0, 0, 5682
60552,0, 0, 0, 0, 5682
60604,0, 0, 0, 0, 5682
60654,0, 0, 0, 0, 5682
60704,0, 0, 0, 0, 5682
60754,0, 0, 0, 0, 5682
60804,0, 0, 0, 0, 5682
60856,0, 0, 0, 0, 5682
60906,0, 0, 0, 0, 5682
60956,0, 0, 0, 0, 5682
61006,0, 0, 0, 0, 5682
61056,0, 0, 0, 0, 5682
61110,0, 0, 0, 0, 5682
61160,0, 0, 0, 0, 5682
61210,0, 0, 0, 0, 5682
61260,0, 0, 0, 0, 5682
61310,0, 0, 0, 0, 5682
61362,0, 0, 0, 0, 5682
61412,0, 0, 0, 0, 5682
61462,0, 0, 0, 0, 5682
61512,0, 0, 0, 0, 5682
61562,0, 0, 0, 0, 5682
61614,0, 0, 0, 0, 5682
61664,0, 0, 0, 0, 5682
61714,0, 0, 0, 0, 5682
61764,0, 0, 0, 0, 5682
61814,0, 0, 0, 0, 5682
61866,0, 0, 0, 0, 5682
61916,0, 0, 0, 0, 5682
61966,0, 0, 0, 0, 5682
62016,0, 0, 0, 0, 5682
62066,0, 0, 0, 0, 5682
62118,0, 0, 0, 0, 5682
62168,0, 0, 0, 0, 5682
62218,0, 0, 0, 0, 5682
62269,0, 0, 0, 0, 5682
62319,0, 0, 0, 0, 5682
62371,0, 0, 0, 0, 5682
62421,0, 0, 0, 0, 5682
62471,0, 0, 0, 0, 5682
62521,0, 0, 0, 0, 5682
62571,0, 0, 0, 0, 5682
62624,0, 0, 0, 0, 5682
62674,0, 0, 0, 0, 5682
62724,0, 0, 0, 0, 5682
62774,0, 0, 0, 0, 5682
62824,0, 0, 0, 0, 5682
62876,0, 0, 0, 0, 5682
62926,0, 0, 0, 0, 5682
62976,0, 0, 0, 0, 5682
63026,0, 0, 0, 0, 5682
63076,0, 0, 0, 0, 5682
63128,0, 0, 0, 0, 5682
63178,0, 0, 0, 0, 5682
63228,0, 0, 0, 0, 5682
63278,0, 0, 0, 0, 5682
63328,0, 0, 0, 0, 5682
63381,0, 0, 0, 0, 5682
63431,0, 0, 0, 0, 5682
63481,0, 0, 0, 0, 5682
63531,0, 0, 0, 0, 5682
63581,0, 0, 0, 0, 5682
63633,0, 0, 0, 0, 5682
63683,0, 0, 0, 0, 5682
63733,0, 0, 0, 0, 5682
63783,0, 0, 0, 0, 5682
63833,0, 0, 0, 0, 5682
63885,0, 0, 0, 0, 5682
63935,0, 0, 0, 0, 5682
63985,0, 0, 0, 0, 5682
64035,0, 0, 0, 0, 5682
64085,0, 0, 0, 0, 5682
64137,0, 0, 0, 0, 5682
64187,0, 0, 0, 0, 5682
64237,0, 0, 0, 0, 5682
64287,0, 0, 0, 0, 5682
64337,0, 0, 0, 0, 5682
64389,0, 0, 0, 0, 5682
64439,0, 0, 0, 0, 5682
64490,0, 0, 0, 0, 5682
64540,0, 0, 0, 0, 5682
64590,0, 0, 0, 0, 5682
64642,0, 0, 0, 0, 5682
64694,0, 0, 0, 0, 5682
64744,0, 0, 0, 0, 5682
64794,0, 0, 0, 0, 5682
64844,0, 0, 0, 0, 5682
64894,0, 0, 0, 0, 5682
64946,0, 0, 0, 0, 5682
64996,0, 0, 0, 0, 5682
65046,0, 0, 0, 0, 5682
65096,0, 0, 0, 0, 5682
65146,0, 0, 0, 0, 5682
65198,0, 0, 0, 0, 5682
65248,0, 0, 0, 0, 5682
65298,0, 0, 0, 0, 5682
65348,0, 0, 0, 0, 5682
65398,0, 0, 0, 0, 5682
65450,0, 0, 0, 0, 5682
65500,0, 0, 0, 0, 5682
65550,0, 0, 0, 0, 5682
65601,0, 0, 0, 0, 5682
65651,0, 0, 0, 0, 5682
65703,0, 0, 0, 0, 5682
65753,0, 0, 0, 0, 5682
65803,0, 0, 0, 0, 5682
65853,0, 0, 0, 0, 5682
65903,0, 0, 0, 0, 5682
65955,0, 0, 0, 0, 5682
66005,0, 0, 0, 0, 5682
66055,0, 0, 0, 0, 5682
66105,0, 0, 0, 0, 5682
66155,0, 0, 0, 0, 5682
66207,0, 0, 0, 0, 5682
66257,0, 0, 0, 0, 5682
66307,0, 0, 0, 0, 5682
66357,0, 0, 0, 0, 5682
66407,0, 0, 0, 0, 5682
66459,0, 0, 0, 0, 5682
66509,0, 0, 0, 0, 5682
66559,0, 0, 0, 0, 5682
66609,0, 0, 0, 0, 5682
66659,0, 0, 0, 0, 5682
66711,0, 0, 0, 0, 5682
66762,0, 0, 0, 0, 5682
66812,0, 0, 0, 0, 5682
66862,0, 0, 0, 0, 5682
66912,0, 0, 0, 0, 5682
66964,0, 0, 0, 0, 5682
67014,0, 0, 0, 0, 5682
67064,0, 0, 0, 0, 5682
67114,0, 0, 0, 0, 5682
67164,0, 0, 0, 0, 5682
67216,0, 0, 0, 0, 5682
67266,0, 0, 0, 0, 5682
67316,0, 0, 0, 0, 5682
67366,0, 0, 0, 0, 5682
67416,0, 0, 0, 0, 5682
67468,0, 0, 0, 0, 5682
67518,0, 0, 0, 0, 5682
67568,0, 0, 0, 0, 5682
67618,0, 0, 0, 0, 5682
67668,0, 0, 0, 0, 5682
67720,0, 0, 0, 0, 5682
67770,0, 0, 0, 0, 5682
67820,0, 0, 0, 0, 5682
67871,0, 0, 0, 0, 5682
67921,0, 0, 0, 0, 5682
67975,0, 0, 0, 0, 5682
68025,0, 0, 0, 0, 5682
68075,0, 0, 0, 0, 5682
68125,0, 0, 0, 0, 5682
68175,0, 0, 0, 0, 5682
68227,0, 0, 0, 0, 5682
68277,0, 0, 0, 0, 5682
68327,0, 0, 0, 0, 5682
68377,0, 0, 0, 0, 5682
68427,0, 0, 0, 0, 5682
68479,0, 0, 0, 0, 5682
68529,0, 0, 0, 0, 5682
68579,0, 0, 0, 0, 5682
68629,0, 0, 0, 0, 5682
68679,0, 0, 0, 0, 5682
68731,0, 0, 0, 0, 5682
68781,0, 0, 0, 0, 5682
68831,0, 0, 0, 0, 5682
68881,0, 0, 0, 0, 5682
68931,0, 0, 0, 0, 5682
68985,0, 0, 0, 0, 5682
69035,0, 0, 0, 0, 5682
69085,0, 0, 0, 0, 5682
69135,0, 0, 0, 0, 5682
69185,0, 0, 0, 0, 5682
69237,0, 0, 0, 0, 5682
69287,0, 0, 0, 0, 5682
69337,0, 0, 0, 0, 5682
69387,0, 0, 0, 0, 5682
69437,0, 0, 0, 0, 5682
69489,0, 0, 0, 0, 5682
69539,0, 0, 0, 0, 5682
69589,0, 0, 0, 0, 5682
69639,0, 0, 0, 0, 5682
69689,0, 0, 0, 0, 5682
69741,0, 0, 0, 0, 5682
69791,0, 0, 0, 0, 5682
69841,0, 0, 0, 0, 5682
69891,0, 0, 0, 0, 5682
69941,0, 0, 0, 0, 5682
69993,0, 0, 0, 0, 5682
70043,0, 0, 0, 0, 5682
70094,0, 0, 0, 0, 5682
70144,0, 0, 0, 0, 5682
70194,0, 0, 0, 0, 5682
70246,0, 0, 0, 0, 5682
70296,0, 0, 0, 0, 5682
70346,0, 0, 0, 0, 5682
70396,0, 0, 0, 0, 5682
70446,0, 0, 0, 0, 5682
70498,0, 0, 0, 0, 5682
70548,0, 0, 0, 0, 5682
70598,0, 0, 0, 0, 5682
70648,0, 0, 0, 0, 5682
70698,0, 0, 0, 0, 5682
70750,0, 0, 0, 0, 5682
70800,0, 0, 0, 0, 5682
70850,0, 0, 0, 0, 5682
70900,0, 0, 0, 0, 5682
70950,0, 0, 0, 0, 5682
71002,0, 0, 0, 0, 5682
71052,0, 0, 0, 0, 5682
71102,0, 0, 0, 0, 5682
71152,0, 0, 0, 0, 5682
71202,0, 0, 0, 0, 5682
71255,0, 0, 0, 0, 5682
71305,0, 0, 0, 0, 5682
71355,0, 0, 0, 0, 5682
71405,0, 0, 0, 0, 5682
71455,0, 0, 0, 0, 5682
71507,0, 0, 0, 0, 5682
71557,0, 0, 0, 0, 5682
71607,0, 0, 0, 0, 5682
71657,0, 0, 0, 0, 5682
71707,0, 0, 0, 0, 5682
71759,0, 0, 0, 0, 5682
71809,0, 0, 0, 0, 5682
71859,0, 0, 0, 0, 5682
71909,0, 0, 0, 0, 5682
71959,0, 0, 0, 0, 5682
72011,0, 0, 0, 0, 5682
72061,0, 0, 0, 0, 5682
72111,0, 0, 0, 0, 5682
72161,0, 0, 0, 0, 5682
72211,0, 0, 0, 0, 5682
72263,0, 0, 0, 0, 5682
72313,0, 0, 0, 0, 5682
72365,0, 0, 0, 0, 5682
72415,0, 0, 0, 0, 5682
72465,0, 0, 0, 0, 5682
72522,0, 0, 0, 0, 5682
72572,0, 0, 0, 0, 5682
72622,0, 0, 0, 0, 5682
72672,0, 0, 0, 0, 5682
72722,0, 0, 0, 0, 5682
72775,0, 0, 0, 0, 5682
72825,0, 0, 0, 0, 5682
72875,0, 0, 0, 0, 5682
72925,0, 0, 0, 0, 5682
72975,0, 0, 0, 0, 5682
73027,0, 0, 0, 0, 5682
73077,0, 0, 0, 0, 5682
73127,0, 0, 0, 0, 5682
73177,0, 0, 0, 0, 5682
73227,0, 0, 0, 0, 5682
73279,0, 0, 0, 0, 5682
73329,0, 0, 0, 0, 5682
73379,0, 0, 0, 0, 5682
73429,0, 0, 0, 0, 5682
73481,0, 0, 0, 0, 5682
73533,0, 0, 0, 0, 5682
73583,0, 0, 0, 0, 5682
73633,0, 0, 0, 0, 5682
73683,0, 0, 0, 0, 5682
73733,0, 0, 0, 0, 5682
73785,0, 0, 0, 0, 5682
73835,0, 0, 0, 0, 5682
73885,0, 0, 0, 0, 5682
73935,0, 0, 0, 0, 5682
73985,0, 0, 0, 0, 5682
74037,0, 0, 0, 0, 5682
74087,0, 0, 0, 0, 5682
74137,0, 0, 0, 0, 5682
74187,0, 0, 0, 0, 5682
74237,0, 0, 0, 0, 5682
74289,0, 0, 0, 0, 5682
74339,0, 0, 0, 0, 5682
74389,0, 0, 0, 0, 5682
74439,0, 0, 0, 0, 5682
74489,0, 0, 0, 0, 5682
74541,0, 0, 0, 0, 5682
74592,0, 0, 0, 0, 5682
74642,0, 0, 0, 0, 5682
74692,0, 0, 0, 0, 5682
74742,0, 0, 0, 0, 5682
74794,0, 0, 0, 0, 5682
74844,0, 0, 0, 0, 5682
74894,0, 0, 0, 0, 5682
74944,0, 0, 0, 0, 5682
74994,0, 0, 0, 0, 5682
75046,0, 0, 0, 0, 5682
75096,0, 0, 0, 0, 5682
75146,0, 0, 0, 0, 5682
75196,0, 0, 0, 0, 5682
75246,0, 0, 0, 0, 5682
75298,0, 0, 0, 0, 5682
75348,0, 0, 0, 0, 5682
75398,0, 0, 0, 0, 5682
75448,0, 0, 0, 0, 5682
75498,0, 0, 0, 0, 5682
75550,0, 0, 0, 0, 5682
75600,0, 0, 0, 0, 5682
75650,0, 0, 0, 0, 5682
75700,0, 0, 0, 0, 5682
75751,0, 0, 0, 0, 5682
75803,0, 0, 0, 0, 5682
75853,0, 0, 0, 0, 5682
75903,0, 0, 0, 0, 5682
75953,0, 0, 0, 0, 5682
76003,0, 0, 0, 0, 5682
76055,0, 0, 0, 0, 5682
76105,0, 0, 0, 0, 5682
76155,0, 0, 0, 0, 5682
76205,0, 0, 0, 0, 5682
76255,0, 0, 0, 0, 5682
76307,0, 0, 0, 0, 5682
76357,0, 0, 0, 0, 5682
76407,0, 0, 0, 0, 5682
76457,0, 0, 0, 0, 5682
76507,0, 0, 0, 0, 5682
76559,0, 0, 0, 0, 5682
76609,0, 0, 0, 0, 5682
76659,0, 0, 0, 0, 5682
76709,0, 0, 0, 0, 5682
76759,0, 0, 0, 0, 5682
76811,0, 0, 0, 0, 5682
76862,0, 0, 0, 0, 5682
76912,0, 0, 0, 0, 5682
76962,0, 0, 0, 0, 5682
77012,0, 0, 0, 0, 5682
77064,0, 0, 0, 0, 5682
77114,0, 0, 0, 0, 5682
77164,0, 0, 0, 0, 5682
77214,0, 0, 0, 0, 5682
77264,0, 0, 0, 0, 5682
77316,0, 0, 0, 0, 5682
77366,0, 0, 0, 0, 5682
77416,0, 0, 0, 0, 5682
77466,0, 0, 0, 0, 5682
77516,0, 0, 0, 0, 5682
77568,0, 0, 0, 0, 5682
77620,0, 0, 0, 0, 5682
77670,0, 0, 0, 0, 5682
77720,0, 0, 0, 0, 5682
77770,0, 0, 0, 0, 5682
77820,0, 0, 0, 0, 5682
77872,0, 0, 0, 0, 5682
77922,0, 0, 0, 0, 5682
77973,0, 0, 0, 0, 5682
78023,0, 0, 0, 0, 5682
78073,0, 0, 0, 0, 5682
78125,0, 0, 0, 0, 5682
78175,0, 0, 0, 0, 5682
78225,0, 0, 0, 0, 5682
78275,0, 0, 0, 0, 5682
78325,0, 0, 0, 0, 5682
78377,0, 0, 0, 0, 5682
78427,0, 0, 0, 0, 5682
78477,0, 0, 0, 0, 5682
78527,0, 0, 0, 0, 5682
78577,0, 0, 0, 0, 5682
78629,0, 0, 0, 0, 5682
78679,0, 0, 0, 0, 5682
78729,0, 0, 0, 0, 5682
78779,0, 0, 0, 0, 5682
78829,0, 0, 0, 0, 5682
78883,0, 0, 0, 0, 5682
78933,0, 0, 0, 0, 5682
78983,0, 0, 0, 0, 5682
79033,0, 0, 0, 0, 5682
79083,0, 0, 0, 0, 5682
79137,0, 0, 0, 0, 5682
79187,0, 0, 0, 0, 5682
79237,0, 0, 0, 0, 5682
79287,0, 0, 0, 0, 5682
79337,0, 0, 0, 0, 5682
79389,0, 0, 0, 0, 5682
79439,0, 0, 0, 0, 5682
79489,0, 0, 0, 0, 5682
79539,0, 0, 0, 0, 5682
79589,0, 0, 0, 0, 5682
79641,0, 0, 0, 0, 5682
79691,0, 0, 0, 0, 5682
79741,0, 0, 0, 0, 5682
79791,0, 0, 0, 0, 5682
79841,0, 0, 0, 0, 5682
79893,0, 0, 0, 0, 5682
79943,0, 0, 0, 0, 5682
79993,0, 0, 0, 0, 5682
80043,0, 0, 0, 0, 5682
80093,0, 0, 0, 0, 5682
80145,0, 0, 0, 0, 5682
80195,0, 0, 0, 0, 5682
80246,0, 0, 0, 0, 5682
80296,0, 0, 0, 0, 5682
80346,0, 0, 0, 0, 5682
80398,0, 0, 0, 0, 5682
80448,0, 0, 0, 0, 5682
80498,0, 0, 0, 0, 5682
80548,0, 0, 0, 0, 5682
80598,0, 0, 0, 0, 5682
80650,0, 0, 0, 0, 5682
80700,0, 0, 0, 0, 5682
80750,0, 0, 0, 0, 5682
80800,0, 0, 0, 0, 5682
80850,0, 0, 0, 0, 5682
80902,0, 0, 0, 0, 5682
80952,0, 0, 0, 0, 5682
81002,0, 0, 0, 0, 5682
81052,0, 0, 0, 0, 5682
81102,0, 0, 0, 0, 5682
81154,0, 0, 0, 0, 5682
81204,0, 0, 0, 0, 5682
81254,0, 0, 0, 0, 5682
81304,0, 0, 0, 0, 5682
81355,0, 0, 0, 0, 5682
81407,0, 0, 0, 0, 5682
81457,0, 0, 0, 0, 5682
81507,0, 0, 0, 0, 5682
81557,0, 0, 0, 0, 5682
81607,0, 0, 0, 0, 5682
81659,0, 0, 0, 0, 5682
81709,0, 0, 0, 0, 5682
81759,0, 0, 0, 0, 5682
81809,0, 0, 0, 0, 5682
81859,0, 0, 0, 0, 5682
81911,0, 0, 0, 0, 5682
81961,0, 0, 0, 0, 5682
82011,0, 0, 0, 0, 5682
82061,0, 0, 0, 0, 5682
82111,0, 0, 0, 0, 5682
82163,0, 0, 0, 0, 5682
82213,0, 0, 0, 0, 5682
82263,0, 0, 0, 0, 5682
82313,0, 0, 0, 0, 5682
82363,0, 0, 0, 0, 5682
82415,0, 0, 0, 0, 5682
82466,0, 0, 0, 0, 5682
82516,0, 0, 0, 0, 5682
82566,0, 0, 0, 0, 5682
82616,0, 0, 0, 0, 5682
82668,0, 0, 0, 0, 5682
82718,0, 0, 0, 0, 5682
82768,0, 0, 0, 0, 5682
82818,0, 0, 0, 0, 5682
82868,0, 0, 0, 0, 5682
82920,0, 0, 0, 0, 5682
82970,0, 0, 0, 0, 5682
83020,0, 0, 0, 0, 5682
83070,0, 0, 0, 0, 5682
83120,0, 0, 0, 0, 5682
83172,0, 0, 0, 0, 5682
83222,0, 0, 0, 0, 5682
83272,0, 0, 0, 0, 5682
83322,0, 0, 0, 0, 5682
83372,0, 0, 0, 0, 5682
83424,0, 0, 0, 0, 5682
83474,0, 0, 0, 0, 5682
83524,0, 0, 0, 0, 5682
83574,0, 0, 0, 0, 5682
83625,0, 0, 0, 0, 5682
83677,0, 0, 0, 0, 5682
83727,0, 0, 0, 0, 5682
83777,0, 0, 0, 0, 5682
83827,0, 0, 0, 0, 5682
83877,0, 0, 0, 0, 5682
83929,0, 0, 0, 0, 5682
83979,0, 0, 0, 0, 5682
84029,0, 0, 0, 0, 5682
84079,0, 0, 0, 0, 5682
84129,0, 0, 0, 0, 5682
84181,0, 0, 0, 0, 5682
84231,0, 0, 0, 0, 5682
84281,0, 0, 0, 0, 5682
84331,0, 0, 0, 0, 5682
84381,0, 0, 0, 0, 5682
84433,0, 0, 0, 0, 5682
84483,0, 0, 0, 0, 5682
84533,0, 0, 0, 0, 5682
84583,0, 0, 0, 0, 5682
84633,0, 0, 0, 0, 5682
84687,0, 0, 0, 0, 5682
84738,0, 0, 0, 0, 5682
84788,0, 0, 0, 0, 5682
84838,0, 0, 0, 0, 5682
84888,0, 0, 0, 0, 5682
84940,0, 0, 0, 0, 5682
84990,0, 0, 0, 0, 5682
85040,0, 0, 0, 0, 5682
85090,0, 0, 0, 0, 5682
85140,0, 0, 0, 0, 5682
85192,0, 0, 0, 0, 5682
85242,0, 0, 0, 0, 5682
85292,0, 0, 0, 0, 5682
85342,0, 0, 0, 0, 5682
85392,0, 0, 0, 0, 5682
85444,0, 0, 0, 0, 5682
85494,0, 0, 0, 0, 5682
85544,0, 0, 0, 0, 5682
85594,0, 0, 0, 0, 5682
85644,0, 0, 0, 0, 5682
85696,0, 0, 0, 0, 5682
85746,0, 0, 0, 0, 5682
85796,0, 0, 0, 0, 5682
85847,0, 0, 0, 0, 5682
85897,0, 0, 0, 0, 5682
85949,0, 0, 0, 0, 5682
85999,0, 0, 0, 0, 5682
86049,0, 0, 0, 0, 5682
86099,0, 0, 0, 0, 5682
86149,0, 0, 0, 0, 5682
86201,0, 0, 0, 0, 5682
86251,0, 0, 0, 0, 5682
86301,0, 0, 0, 0, 5682
86351,0, 0, 0, 0, 5682
86401,0, 0, 0, 0, 5682
86453,0, 0, 0, 0, 5682
86503,0, 0, 0, 0, 5682
86553,0, 0, 0, 0, 5682
86603,0, 0, 0, 0, 5682
86653,0, 0, 0, 0, 5682
86705,0, 0, 0, 0, 5682
86755,0, 0, 0, 0, 5682
86805,0, 0, 0, 0, 5682
86855,0, 0, 0, 0, 5682
86905,0, 0, 0, 0, 5682
86959,0, 0, 0, 0, 5682
87009,0, 0, 0, 0, 5682
87059,0, 0, 0, 0, 5682
87109,0, 0, 0, 0, 5682
87159,0, 0, 0, 0, 5682
87211,0, 0, 0, 0, 5682
87261,0, 0, 0, 0, 5682
87311,0, 0, 0, 0, 5682
87361,0, 0, 0, 0, 5682
87411,0, 0, 0, 0, 5682
87463,0, 0, 0, 0, 5682
87513,0, 0, 0, 0, 5682
87563,0, 0, 0, 0, 5682
87613,0, 0, 0, 0, 5682
87663,0, 0, 0, 0, 5682
87715,0, 0, 0, 0, 5682
87765,0, 0, 0, 0, 5682
87815,0, 0, 0, 0, 5682
87865,0, 0, 0, 0, 5682
87915,0, 0, 0, 0, 5682
87967,0, 0, 0, 0, 5682
88017,0, 0, 0, 0, 5682
88067,0, 0, 0, 0, 5682
88118,0, 0, 0, 0, 5682
88168,0, 0, 0, 0, 5682
88220,0, 0, 0, 0, 5682
88270,0, 0, 0, 0, 5682
88320,0, 0, 0, 0, 5682
88370,0, 0, 0, 0, 5682
88420,0, 0, 0, 0, 5682
88472,0, 0, 0, 0, 5682
88522,0, 0, 0, 0, 5682
88572,0, 0, 0, 0, 5682
88622,0, 0, 0, 0, 5682
88672,0, 0, 0, 0, 5682
88724,0, 0, 0, 0, 5682
88774,0, 0, 0, 0, 5682
88824,0, 0, 0, 0, 5682
88874,0, 0, 0, 0, 5682
88924,0, 0, 0, 0, 5682
88976,0, 0, 0, 0, 5682
89026,0, 0, 0, 0, 5682
89076,0, 0, 0, 0, 5682
89126,0, 0, 0, 0, 5682
89176,0, 0, 0, 0, 5682
89229,0, 0, 0, 0, 5682
89279,0, 0, 0, 0, 5682
89329,0, 0, 0, 0, 5682
89379,0, 0, 0, 0, 5682
89429,0, 0, 0, 0, 5682
89481,0, 0, 0, 0, 5682
89531,0, 0, 0, 0, 5682
89581,0, 0, 0, 0, 5682
89631,0, 0, 0, 0, 5682
89681,0, 0, 0, 0, 5682
89733,0, 0, 0, 0, 5682
89783,0, 0, 0, 0, 5682
89833,0, 0, 0, 0, 5682
89883,0, 0, 0, 0, 5682
89933,0, 0, 0, 0, 5682
89985,0, 0, 0, 0, 5682
90035,0, 0, 0, 0, 5682
90085,0, 0, 0, 0, 5682
90135,0, 0, 0, 0, 5682
90185,0, 0, 0, 0, 5682
90238,0, 0, 0, 0, 5682
90288,0, 0, 0, 0, 5682
90339,0, 0, 0, 0, 5682
90389,0, 0, 0, 0, 5682
90439,0, 0, 0, 0, 5682
90491,0, 0, 0, 0, 5682
90543,0, 0, 0, 0, 5682
90593,0, 0, 0, 0, 5682
90643,0, 0, 0, 0, 5682
90693,0, 0, 0, 0, 5682
90743,0, 0, 0, 0, 5682
90795,0, 0, 0, 0, 5682
90845,0, 0, 0, 0, 5682
90895,0, 0, 0, 0, 5682
90945,0, 0, 0, 0, 5682
90995,0, 0, 0, 0, 5682
91047,0, 0, 0, 0, 5682
91097,0, 0, 0, 0, 5682
91147,0, 0, 0, 0, 5682
91197,0, 0, 0, 0, 5682
91247,0, 0, 0, 0, 5682
91299,0, 0, 0, 0, 5682
91349,0, 0, 0, 0, 5682
91399,0, 0, 0, 0, 5682
91450,0, 0, 0, 0, 5682
91500,0, 0, 0, 0, 5682
91552,0, 0, 0, 0, 5682
91602,0, 0, 0, 0, 5682
91652,0, 0, 0, 0, 5682
91702,0, 0, 0, 0, 5682
91752,0, 0, 0, 0, 5682
91804,0, 0, 0, 0, 5682
91854,0, 0, 0, 0, 5682
91904,0, 0, 0, 0, 5682
91954,0, 0, 0, 0, 5682
92004,0, 0, 0, 0, 5682
92056,0, 0, 0, 0, 5682
92106,0, 0, 0, 0, 5682
92156,0, 0, 0, 0, 5682
92206,0, 0, 0, 0, 5682
92256,0, 0, 0, 0, 5682
92308,0, 0, 0, 0, 5682
92358,0, 0, 0, 0, 5682
92408,0, 0, 0, 0, 5682
92458,0, 0, 0, 0, 5682
92508,0, 0, 0, 0, 5682
92560,0, 0, 0, 0, 5682
92611,0, 0, 0, 0, 5682
92661,0, 0, 0, 0, 5682
92711,0, 0, 0, 0, 5682
92761,0, 0, 0, 0, 5682
92813,0, 0, 0, 0, 5682
92863,0, 0, 0, 0, 5682
92913,0, 0, 0, 0, 5682
92963,0, 0, 0, 0, 5682
93013,0, 0, 0, 0, 5682
93065,0, 0, 0, 0, 5682
93115,0, 0, 0, 0, 5682
93165,0, 0, 0, 0, 5682
93215,0, 0, 0, 0, 5682
93265,0, 0, 0, 0, 5682
93317,0, 0, 0, 0, 5682
93367,0, 0, 0, 0, 5682
93417,0, 0, 0, 0, 5682
93467,0, 0, 0, 0, 5682
93517,0, 0, 0, 0, 5682
93569,0, 0, 0, 0, 5682
93619,0, 0, 0, 0, 5682
93669,0, 0, 0, 0, 5682
93720,0, 0, 0, 0, 5682
93770,0, 0, 0, 0, 5682
93822,0, 0, 0, 0, 5682
93872,0, 0, 0, 0, 5682
93922,0, 0, 0, 0, 5682
93972,0, 0, 0, 0, 5682
94022,0, 0, 0, 0, 5682
94074,0, 0, 0, 0, 5682
94124,0, 0, 0, 0, 5682
94174,0, 0, 0, 0, 5682
94224,0, 0, 0, 0, 5682
94274,0, 0, 0, 0, 5682
94326,0, 0, 0, 0, 5682
94376,0, 0, 0, 0, 5682
94426,0, 0, 0, 0, 5682
94476,0, 0, 0, 0, 5682
94526,0, 0, 0, 0, 5682
94578,0, 0, 0, 0, 5682
94628,0, 0, 0, 0, 5682
94678,0, 0, 0, 0, 5682
94728,0, 0, 0, 0, 5682
94778,0, 0, 0, 0, 5682
94832,0, 0, 0, 0, 5682
94882,0, 0, 0, 0, 5682
94932,0, 0, 0, 0, 5682
94982,0, 0, 0, 0, 5682
95032,0, 0, 0, 0, 5682
95084,0, 0, 0, 0, 5682
95134,0, 0, 0, 0, 5682
95184,0, 0, 0, 0, 5682
95234,0, 0, 0, 0, 5682
95284,0, 0, 0, 0, 5682
95336,0, 0, 0, 0, 5682
95386,0, 0, 0, 0, 5682
95436,0, 0, 0, 0, 5682
95486,0, 0, 0, 0, 5682
95536,0, 0, 0, 0, 5682
95588,0, 0, 0, 0, 5682
95638,0, 0, 0, 0, 5682
95688,0, 0, 0, 0, 5682
95738,0, 0, 0, 0, 5682
95788,0, 0, 0, 0, 5682
95842,0, 0, 0, 0, 5682
95892,0, 0, 0, 0, 5682
95943,0, 0, 0, 0, 5682
95993,0, 0, 0, 0, 5682
96043,0, 0, 0, 0, 5682
96095,0, 0, 0, 0, 5682
96145,0, 0, 0, 0, 5682
96195,0, 0, 0, 0, 5682
96245,0, 0, 0, 0, 5682
96295,0, 0, 0, 0, 5682
96347,0, 0, 0, 0, 5682
96397,0, 0, 0, 0, 5682
96447,0, 0, 0, 0, 5682
96497,0, 0, 0, 0, 5682
96547,0, 0, 0, 0, 5682
96599,0, 0, 0, 0, 5682
96649,0, 0, 0, 0, 5682
96699,0, 0, 0, 0, 5682
96749,0, 0, 0, 0, 5682
96799,0, 0, 0, 0, 5682
96851,0, 0, 0, 0, 5682
96901,0, 0, 0, 0, 5682
96951,0, 0, 0, 0, 5682
97001,0, 0, 0, 0, 5682
97051,0, 0, 0, 0, 5682
97105,0, 0, 0, 0, 5682
97155,0, 0, 0, 0, 5682
97205,0, 0, 0, 0, 5682
97255,0, 0, 0, 0, 5682
97305,0, 0, 0, 0, 5682
97357,0, 0, 0, 0, 5682
97407,0, 0, 0, 0, 5682
97457,0, 0, 0, 0, 5682
97507,0, 0, 0, 0, 5682
97557,0, 0, 0, 0, 5682
97609,0, 0, 0, 0, 5682
97659,0, 0, 0, 0, 5682
97709,0, 0, 0, 0, 5682
97759,0, 0, 0, 0, 5682
97809,0, 0, 0, 0, 5682
97861,0, 0, 0, 0, 5682
97911,0, 0, 0, 0, 5682
97961,0, 0, 0, 0, 5682
98011,0, 0, 0, 0, 5682
98061,0, 0, 0, 0, 5682
98113,0, 0, 0, 0, 5682
98163,0, 0, 0, 0, 5682
98214,0, 0, 0, 0, 5682
98264,0, 0, 0, 0, 5682
98314,0, 0, 0, 0, 5682
98366,0, 0, 0, 0, 5682
98416,0, 0, 0, 0, 5682
98466,0, 0, 0, 0, 5682
98516,0, 0, 0, 0, 5682
98566,0, 0, 0, 0, 5682
98618,0, 0, 0, 0, 5682
98668,0, 0, 0, 0, 5682
98718,0, 0, 0, 0, 5682
98768,0, 0, 0, 0, 5682
98818,0, 0, 0, 0, 5682
98870,0, 0, 0, 0, 5682
98920,0, 0, 0, 0, 5682
98970,0, 0, 0, 0, 5682
99020,0, 0, 0, 0, 5682
99070,0, 0, 0, 0, 5682
99122,0, 0, 0, 0, 5682
99172,0, 0, 0, 0, 5682
99222,0, 0, 0, 0, 5682
99272,0, 0, 0, 0, 5682
99323,0, 0, 0, 0, 5682
99375,0, 0, 0, 0, 5682
99425,0, 0, 0, 0, 5682
99475,0, 0, 0, 0, 5682
99525,0, 0, 0, 0, 5682
99575,0, 0, 0, 0, 5682
99627,0, 0, 0, 0, 5682
99677,0, 0, 0, 0, 5682
99727,0, 0, 0, 0, 5682
99777,0, 0, 0, 0, 5682
99827,0, 0, 0, 0, 5682
99879,0, 0, 0, 0, 5682
99929,0, 0, 0, 0, 5682
99979,0, 0, 0, 0, 5682
100029,0, 0, 0, 0, 5682
100079,0, 0, 0, 0, 5682
100131,0, 0, 0, 0, 5682
100181,0, 0, 0, 0, 5682
100231,0, 0, 0, 0, 5682
100281,0, 0, 0, 0, 5682
100331,0, 0, 0, 0, 5682
100383,0, 0, 0, 0, 5682
100434,0, 0, 0, 0, 5682
100484,0, 0, 0, 0, 5682
100534,0, 0, 0, 0, 5682
100584,0, 0, 0, 0, 5682
100636,0, 0, 0, 0, 5682
100686,0, 0, 0, 0, 5682
100736,0, 0, 0, 0, 5682
100786,0, 0, 0, 0, 5682
100836,0, 0, 0, 0, 5682
100888,0, 0, 0, 0, 5682
100938,0, 0, 0, 0, 5682
100988,0, 0, 0, 0, 5682
101038,0, 0, 0, 0, 5682
101088,0, 0, 0, 0, 5682
101140,0, 0, 0, 0, 5682
101190,0, 0, 0, 0, 5682
101240,0, 0, 0, 0, 5682
101290,0, 0, 0, 0, 5682
101340,0, 0, 0, 0, 5682
101394,0, 0, 0, 0, 5682
101444,0, 0, 0, 0, 5682
101495,0, 0, 0, 0, 5682
101545,0, 0, 0, 0, 5682
101595,0, 0, 0, 0, 5682
101647,0, 0, 0, 0, 5682
101697,0, 0, 0, 0, 5682
101747,0, 0, 0, 0, 5682
101797,0, 0, 0, 0, 5682
101847,0, 0, 0, 0, 5682
101899,0, 0, 0, 0, 5682
101949,0, 0, 0, 0, 5682
101999,0, 0, 0, 0, 5682
102049,0, 0, 0, 0, 5682
102099,0, 0, 0, 0, 5682
102151,0, 0, 0, 0, 5682
102201,0, 0, 0, 0, 5682
102251,0, 0, 0, 0, 5682
102301,0, 0, 0, 0, 5682
102351,0, 0, 0, 0, 5682
102403,0, 0, 0, 0, 5682
102453,0, 0, 0, 0, 5682
102503,0, 0, 0, 0, 5682
102553,0, 0, 0, 0, 5682
102604,0, 0, 0, 0, 5682
102656,0, 0, 0, 0, 5682
102706,0, 0, 0, 0, 5682
102756,0, 0, 0, 0, 5682
102806,0, 0, 0, 0, 5682
102856,0, 0, 0, 0, 5682
102908,0, 0, 0, 0, 5682
102958,0, 0, 0, 0, 5682
103008,0, 0, 0, 0, 5682
103058,0, 0, 0, 0, 5682
103108,0, 0, 0, 0, 5682
103160,0, 0, 0, 0, 5682
103210,0, 0, 0, 0, 5682
103260,0, 0, 0, 0, 5682
103310,0, 0, 0, 0, 5682
103360,0, 0, 0, 0, 5682
103412,0, 0, 0, 0, 5682
103464,0, 0, 0, 0, 5682
103514,0, 0, 0, 0, 5682
103564,0, 0, 0, 0, 5682
103614,0, 0, 0, 0, 5682
103665,0, 0, 0, 0, 5682
103717,0, 0, 0, 0, 5682
103767,0, 0, 0, 0, 5682
103817,0, 0, 0, 0, 5682
103867,0, 0, 0, 0, 5682
103917,0, 0, 0, 0, 5682
103969,0, 0, 0, 0, 5682
104019,0, 0, 0, 0, 5682
104069,0, 0, 0, 0, 5682
104119,0, 0, 0, 0, 5682
104169,0, 0, 0, 0, 5682
104221,0, 0, 0, 0, 5682
104271,0, 0, 0, 0, 5682
104321,0, 0, 0, 0, 5682
104371,0, 0, 0, 0, 5682
104421,0, 0, 0, 0, 5682
104473,0, 0, 0, 0, 5682
104523,0, 0, 0, 0, 5682
104573,0, 0, 0, 0, 5682
104623,0, 0, 0, 0, 5682
104673,0, 0, 0, 0, 5682
104727,0, 0, 0, 0, 5682
104777,0, 0, 0, 0, 5682
104827,0, 0, 0, 0, 5682
104877,0, 0, 0, 0, 5682
104927,0, 0, 0, 0, 5682
104979,0, 0, 0, 0, 5682
105029,0, 0, 0, 0, 5682
105079,0, 0, 0, 0, 5682
105129,0, 0, 0, 0, 5682
105179,0, 0, 0, 0, 5682
105231,0, 0, 0, 0, 5682
105281,0, 0, 0, 0, 5682
105331,0, 0, 0, 0, 5682
105381,0, 0, 0, 0, 5682
105431,0, 0, 0, 0, 5682
105483,0, 0, 0, 0, 5682
105533,0, 0, 0, 0, 5682
105583,0, 0, 0, 0, 5682
105633,0, 0, 0, 0, 5682
105683,0, 0, 0, 0, 5682
105735,0, 0, 0, 0, 5682
105785,0, 0, 0, 0, 5682
105836,0, 0, 0, 0, 5682
105886,0, 0, 0, 0, 5682
105936,0, 0, 0, 0, 5682
105988,0, 0, 0, 0, 5682
106038,0, 0, 0, 0, 5682
106088,0, 0, 0, 0, 5682
106138,0, 0, 0, 0, 5682
106188,0, 0, 0, 0, 5682
106240,0, 0, 0, 0, 5682
106290,0, 0, 0, 0, 5682
106340,0, 0, 0, 0, 5682
106390,0, 0, 0, 0, 5682
106440,0, 0, 0, 0, 5682
106492,0, 0, 0, 0, 5682
106542,0, 0, 0, 0, 5682
106592,0, 0, 0, 0, 5682
106642,0, 0, 0, 0, 5682
106692,0, 0, 0, 0, 5682
106744,0, 0, 0, 0, 5682
106794,0, 0, 0, 0, 5682
106844,0, 0, 0, 0, 5682
106896,0, 0, 0, 0, 5682
106946,0, 0, 0, 0, 5682
106998,0, 0, 0, 0, 5682
107048,0, 0, 0, 0, 5682
107098,0, 0, 0, 0, 5682
107148,0, 0, 0, 0, 5682
107198,0, 0, 0, 0, 5682
107250,0, 0, 0, 0, 5682
107300,0, 0, 0, 0, 5682
107350,0, 0, 0, 0, 5682
107400,0, 0, 0, 0, 5682
107450,0, 0, 0, 0, 5682
107502,0, 0, 0, 0, 5682
107552,0, 0, 0, 0, 5682
107602,0, 0, 0, 0, 5682
107652,0, 0, 0, 0, 5682
107702,0, 0, 0, 0, 5682
107754,0, 0, 0, 0, 5682
107804,0, 0, 0, 0, 5682
107854,0, 0, 0, 0, 5682
107904,0, 0, 0, 0, 5682
107956,0, 0, 0, 0, 5682
108013,0, 0, 0, 0, 5682
108063,0, 0, 0, 0, 5682
108113,0, 0, 0, 0, 5682
108163,0, 0, 0, 0, 5682
108213,0, 0, 0, 0, 5682
108266,0, 0, 0, 0, 5682
108316,0, 0, 0, 0, 5682
108366,0, 0, 0, 0, 5682
108416,0, 0, 0, 0, 5682
108466,0, 0, 0, 0, 5682
108518,0, 0, 0, 0, 5682
108568,0, 0, 0, 0, 5682
108618,0, 0, 0, 0, 5682
108668,0, 0, 0, 0, 5682
108718,0, 0, 0, 0, 5682
108770,0, 0, 0, 0, 5682
108820,0, 0, 0, 0, 5682
108870,0, 0, 0, 0, 5682
108920,0, 0, 0, 0, 5682
108970,0, 0, 0, 0, 5682
109022,0, 0, 0, 0, 5682
109073,0, 0, 0, 0, 5682
109123,0, 0, 0, 0, 5682
109173,0, 0, 0, 0, 5682
109223,0, 0, 0, 0, 5682
109275,0, 0, 0, 0, 5682
109325,0, 0, 0, 0, 5682
109375,0, 0, 0, 0, 5682
109425,0, 0, 0, 0, 5682
109475,0, 0, 0, 0, 5682
109527,0, 0, 0, 0, 5682
109577,0, 0, 0, 0, 5682
109627,0, 0, 0, 0, 5682
109677,0, 0, 0, 0, 5682
109727,0, 0, 0, 0, 5682
109779,0, 0, 0, 0, 5682
109829,0, 0, 0, 0, 5682
109879,0, 0, 0, 0, 5682
109929,0, 0, 0, 0, 5682
109979,0, 0, 0, 0, 5682
110031,0, 0, 0, 0, 5682
110081,0, 0, 0, 0, 5682
110132,0, 0, 0, 0, 5682
110182,0, 0, 0, 0, 5682
110232,0, 0, 0, 0, 5682
110284,0, 0, 0, 0, 5682
110334,0, 0, 0, 0, 5682
110384,0, 0, 0, 0, 5682
110434,0, 0, 0, 0, 5682
110484,0, 0, 0, 0, 5682
110536,0, 0, 0, 0, 5682
110586,0, 0, 0, 0, 5682
110636,0, 0, 0, 0, 5682
110686,0, 0, 0, 0, 5682
110736,0, 0, 0, 0, 5682
110788,0, 0, 0, 0, 5682
110838,0, 0, 0, 0, 5682
110888,0, 0, 0, 0, 5682
110938,0, 0, 0, 0, 5682
110988,0, 0, 0, 0, 5682
111040,0, 0, 0, 0, 5682
111090,0, 0, 0, 0, 5682
111140,0, 0, 0, 0, 5682
111191,0, 0, 0, 0, 5682
111241,0, 0, 0, 0, 5682
111293,0, 0, 0, 0, 5682
111343,0, 0, 0, 0, 5682
111393,0, 0, 0, 0, 5682
111443,0, 0, 0, 0, 5682
111493,0, 0, 0, 0, 5682
111545,0, 0, 0, 0, 5682
111595,0, 0, 0, 0, 5682
111645,0, 0, 0, 0, 5682
111695,0, 0, 0, 0, 5682
111745,0, 0, 0, 0, 5682
111797,0, 0, 0, 0, 5682
111847,0, 0, 0, 0, 5682
111897,0, 0, 0, 0, 5682
111947,0, 0, 0, 0, 5682
111997,0, 0, 0, 0, 5682
112049,0, 0, 0, 0, 5682
112099,0, 0, 0, 0, 5682
112149,0, 0, 0, 0, 5682
112199,0, 0, 0, 0, 5682
112249,0, 0, 0, 0, 5682
112304,0, 0, 0, 0, 5682
112354,0, 0, 0, 0, 5682
112404,0, 0, 0, 0, 5682
112454,0, 0, 0, 0, 5682
112504,0, 0, 0, 0, 5682
112556,0, 0, 0, 0, 5682
112606,0, 0, 0, 0, 5682
112656,0, 0, 0, 0, 5682
112706,0, 0, 0, 0, 5682
112756,0, 0, 0, 0, 5682
112808,0, 0, 0, 0, 5682
112858,0, 0, 0, 0, 5682
112908,0, 0, 0, 0, 5682
112958,0, 0, 0, 0, 5682
113008,0, 0, 0, 0, 5682
113060,0, 0, 0, 0, 5682
113110,0, 0, 0, 0, 5682
113160,0, 0, 0, 0, 5682
113210,0, 0, 0, 0, 5682
113260,0, 0, 0, 0, 5682
113312,0, 0, 0, 0, 5682
113363,0, 0, 0, 0, 5682
113413,0, 0, 0, 0, 5682
113463,0, 0, 0, 0, 5682
113513,0, 0, 0, 0, 5682
113565,0, 0, 0, 0, 5682
113615,0, 0, 0, 0, 5682
113665,0, 0, 0, 0, 5682
113715,0, 0, 0, 0, 5682
113765,0, 0, 0, 0, 5682
113817,0, 0, 0, 0, 5682
113867,0, 0, 0, 0, 5682
113917,0, 0, 0, 0, 5682
113967,0, 0, 0, 0, 5682
114017,0, 0, 0, 0, 5682
114069,0, 0, 0, 0, 5682
114119,0, 0, 0, 0, 5682
114169,0, 0, 0, 0, 5682
114219,0, 0, 0, 0, 5682
114269,0, 0, 0, 0, 5682
114321,0, 0, 0, 0, 5682
114371,0, 0, 0, 0, 5682
114422,0, 0, 0, 0, 5682
114472,0, 0, 0, 0, 5682
114522,0, 0, 0, 0, 5682
114574,0, 0, 0, 0, 5682
114624,0, 0, 0, 0, 5682
114674,0, 0, 0, 0, 5682
114724,0, 0, 0, 0, 5682
114774,0, 0, 0, 0, 5682
114826,0, 0, 0, 0, 5682
114876,0, 0, 0, 0, 5682
114926,0, 0, 0, 0, 5682
114976,0, 0, 0, 0, 5682
115026,0, 0, 0, 0, 5682
115078,0, 0, 0, 0, 5682
115128,0, 0, 0, 0, 5682
115178,0, 0, 0, 0, 5682
115228,0, 0, 0, 0, 5682
115278,0, 0, 0, 0, 5682
115330,0, 0, 0, 0, 5682
115380,0, 0, 0, 0, 5682
115430,0, 0, 0, 0, 5682
115480,0, 0, 0, 0, 5682
115531,0, 0, 0, 0, 5682
115583,0, 0, 0, 0, 5682
115633,0, 0, 0, 0, 5682
115683,0, 0, 0, 0, 5682
115733,0, 0, 0, 0, 5682
115783,0, 0, 0, 0, 5682
115835,0, 0, 0, 0, 5682
115885,0, 0, 0, 0, 5682
115935,0, 0, 0, 0, 5682
115985,0, 0, 0, 0, 5682
116035,0, 0, 0, 0, 5682
116087,0, 0, 0, 0, 5682
116137,0, 0, 0, 0, 5682
116187,0, 0, 0, 0, 5682
116237,0, 0, 0, 0, 5682
116287,0, 0, 0, 0, 5682
116339,0, 0, 0, 0, 5682
116391,0, 0, 0, 0, 5682
116441,0, 0, 0, 0, 5682
116491,0, 0, 0, 0, 5682
116541,0, 0, 0, 0, 5682
116592,0, 0, 0, 0, 5682
116644,0, 0, 0, 0, 5682
116694,0, 0, 0, 0, 5682
116744,0, 0, 0, 0, 5682
116794,0, 0, 0, 0, 5682
116844,0, 0, 0, 0, 5682
116896,0, 0, 0, 0, 5682
116946,0, 0, 0, 0, 5682
116996,0, 0, 0, 0, 5682
117046,0, 0, 0, 0, 5682
117096,0, 0, 0, 0, 5682
117148,0, 0, 0, 0, 5682
117198,0, 0, 0, 0, 5682
117248,0, 0, 0, 0, 5682
117298,0, 0, 0, 0, 5682
117348,0, 0, 0, 0, 5682
117400,0, 0, 0, 0, 5682
117450,0, 0, 0, 0, 5682
117500,0, 0, 0, 0, 5682
117550,0, 0, 0, 0, 5682
117600,0, 0, 0, 0, 5682
117655,0, 0, 0, 0, 5682
117705,0, 0, 0, 0, 5682
117755,0, 0, 0, 0, 5682
117805,0, 0, 0, 0, 5682
117855,0, 0, 0, 0, 5682
117907,0, 0, 0, 0, 5682
117957,0, 0, 0, 0, 5682
118007,0, 0, 0, 0, 5682
118057,0, 0, 0, 0, 5682
118107,0, 0, 0, 0, 5682
118159,0, 0, 0, 0, 5682
118209,0, 0, 0, 0, 5682
118259,0, 0, 0, 0, 5682
118309,0, 0, 0, 0, 5682
118359,0, 0, 0, 0, 5682
118411,0, 0, 0, 0, 5682
118461,0, 0, 0, 0, 5682
118511,0, 0, 0, 0, 5682
118561,0, 0, 0, 0, 5682
118611,0, 0, 0, 0, 5682
118663,0, 0, 0, 0, 5682
118713,0, 0, 0, 0, 5682
118764,0, 0, 0, 0, 5682
118814,0, 0, 0, 0, 5682
118864,0, 0, 0, 0, 5682
118916,0, 0, 0, 0, 5682
118966,0, 0, 0, 0, 5682
119016,0, 0, 0, 0, 5682
119066,0, 0, 0, 0, 5682
119116,0, 0, 0, 0, 5682
119168,0, 0, 0, 0, 5682
119218,0, 0, 0, 0, 5682
119268,0, 0, 0, 0, 5682
119318,0, 0, 0, 0, 5682
119368,0, 0, 0, 0, 5682
119420,0, 0, 0, 0, 5682
119470,0, 0, 0, 0, 5682
119520,0, 0, 0, 0, 5682
119570,0, 0, 0, 0, 5682
119620,0, 0, 0, 0, 5682
119672,0, 0, 0, 0, 5682
119722,0, 0, 0, 0, 5682
119772,0, 0, 0, 0, 5682
119823,0, 0, 0, 0, 5682
119873,0, 0, 0, 0, 5682
119925,0, 0, 0, 0, 5682
119975,0, 0, 0, 0, 5682
120025,0, 0, 0, 0, 5682
120075,0, 0, 0, 0, 5682
120125,0, 0, 0, 0, 5682
120177,0, 0, 0, 0, 5682
120227,0, 0, 0, 0, 5682
120277,0, 0, 0, 0, 5682
120327,0, 0, 0, 0, 5682
120377,0, 0, 0, 0, 5682
120429,0, 0, 0, 0, 5682
120479,0, 0, 0, 0, 5682
120529,0, 0, 0, 0, 5682
120579,0, 0, 0, 0, 5682
120629,0, 0, 0, 0, 5682
120681,0, 0, 0, 0, 5682
120731,0, 0, 0, 0, 5682
120781,0, 0, 0, 0, 5682
120831,0, 0, 0, 0, 5682
120882,0, 0, 0, 0, 5682
120934,0, 0, 0, 0, 5682
120984,0, 0, 0, 0, 5682
121034,0, 0, 0, 0, 5682
121084,0, 0, 0, 0, 5682
121134,0, 0, 0, 0, 5682
121186,0, 0, 0, 0, 5682
121236,0, 0, 0, 0, 5682
121286,0, 0, 0, 0, 5682
121336,0, 0, 0, 0, 5682
121386,0, 0, 0, 0, 5682
121438,0, 0, 0, 0, 5682
121488,0, 0, 0, 0, 5682
121538,0, 0, 0, 0, 5682
121588,0, 0, 0, 0, 5682
121638,0, 0, 0, 0, 5682
121690,0, 0, 0, 0, 5682
121740,0, 0, 0, 0, 5682
121790,0, 0, 0, 0, 5682
121840,0, 0, 0, 0, 5682
121890,0, 0, 0, 0, 5682
121942,0, 0, 0, 0, 5682
121993,0, 0, 0, 0, 5682
122043,0, 0, 0, 0, 5682
122093,0, 0, 0, 0, 5682
122143,0, 0, 0, 0, 5682
122195,0, 0, 0, 0, 5682
122245,0, 0, 0, 0, 5682
122295,0, 0, 0, 0, 5682
122345,0, 0, 0, 0, 5682
122395,0, 0, 0, 0, 5682
122447,0, 0, 0, 0, 5682
122497,0, 0, 0, 0, 5682
122547,0, 0, 0, 0, 5682
122597,0, 0, 0, 0, 5682
122647,0, 0, 0, 0, 5682
122699,0, 0, 0, 0, 5682
122749,0, 0, 0, 0, 5682
122799,0, 0, 0, 0, 5682
122849,0, 0, 0, 0, 5682
122899,0, 0, 0, 0, 5682
122951,0, 0, 0, 0, 5682
123001,0, 0, 0, 0, 5682
123052,0, 0, 0, 0, 5682
123102,0, 0, 0, 0, 5682
123152,0, 0, 0, 0, 5682
123206,0, 0, 0, 0, 5682
123256,0, 0, 0, 0, 5682
123306,0, 0, 0, 0, 5682
123356,0, 0, 0, 0, 5682
123406,0, 0, 0, 0, 5682
123458,0, 0, 0, 0, 5682
123508,0, 0, 0, 0, 5682
123558,0, 0, 0, 0, 5682
123608,0, 0, 0, 0, 5682
123658,0, 0, 0, 0, 5682
123710,0, 0, 0, 0, 5682
123760,0, 0, 0, 0, 5682
123810,0, 0, 0, 0, 5682
123860,0, 0, 0, 0, 5682
123910,0, 0, 0, 0, 5682
123962,0, 0, 0, 0, 5682
124012,0, 0, 0, 0, 5682
124062,0, 0, 0, 0, 5682
124113,0, 0, 0, 0, 5682
124163,0, 0, 0, 0, 5682
124215,0, 0, 0, 0, 5682
124265,0, 0, 0, 0, 5682
124315,0, 0, 0, 0, 5682
124365,0, 0, 0, 0, 5682
124415,0, 0, 0, 0, 5682
124467,0, 0, 0, 0, 5682
124517,0, 0, 0, 0, 5682
124567,0, 0, 0, 0, 5682
124617,0, 0, 0, 0, 5682
124667,0, 0, 0, 0, 5682
124719,0, 0, 0, 0, 5682
124769,0, 0, 0, 0, 5682
124819,0, 0, 0, 0, 5682
124869,0, 0, 0, 0, 5682
124919,0, 0, 0, 0, 5682
124971,0, 0, 0, 0, 5682
125021,0, 0, 0, 0, 5682
125071,0, 0, 0, 0, 5682
125121,0, 0, 0, 0, 5682
125171,0, 0, 0, 0, 5682
125224,0, 0, 0, 0, 5682
125274,0, 0, 0, 0, 5682
125324,0, 0, 0, 0, 5682
125374,0, 0, 0, 0, 5682
125424,0, 0, 0, 0, 5682
125476,0, 0, 0, 0, 5682
125526,0, 0, 0, 0, 5682
125576,0, 0, 0, 0, 5682
125626,0, 0, 0, 0, 5682
125676,0, 0, 0, 0, 5682
125728,0, 0, 0, 0, 5682
125778,0, 0, 0, 0, 5682
125828,0, 0, 0, 0, 5682
125878,0, 0, 0, 0, 5682
125928,0, 0, 0, 0, 5682
125980,0, 0, 0, 0, 5682
126030,0, 0, 0, 0, 5682
126080,0, 0, 0, 0, 5682
126130,0, 0, 0, 0, 5682
126180,0, 0, 0, 0, 5682
126232,0, 0, 0, 0, 5682
126283,0, 0, 0, 0, 5682
126333,0, 0, 0, 0, 5682
126383,0, 0, 0, 0, 5682
126433,0, 0, 0, 0, 5682
126485,0, 0, 0, 0, 5682
126535,0, 0, 0, 0, 5682
126585,0, 0, 0, 0, 5682
126635,0, 0, 0, 0, 5682
126685,0, 0, 0, 0, 5682
126737,0, 0, 0, 0, 5682
126787,0, 0, 0, 0, 5682
126837,0, 0, 0, 0, 5682
126887,0, 0, 0, 0, 5682
126937,0, 0, 0, 0, 5682
126989,0, 0, 0, 0, 5682
127039,0, 0, 0, 0, 5682
127089,0, 0, 0, 0, 5682
127139,0, 0, 0, 0, 5682
127189,0, 0, 0, 0, 5682
127241,0, 0, 0, 0, 5682
127291,0, 0, 0, 0, 5682
127342,0, 0, 0, 0, 5682
127392,0, 0, 0, 0, 5682
127442,0, 0, 0, 0, 5682
127494,0, 0, 0, 0, 5682
127544,0, 0, 0, 0, 5682
127594,0, 0, 0, 0, 5682
127644,0, 0, 0, 0, 5682
127694,0, 0, 0, 0, 5682
127746,0, 0, 0, 0, 5682
127796,0, 0, 0, 0, 5682
127846,0, 0, 0, 0, 5682
127896,0, 0, 0, 0, 5682
127946,0, 0, 0, 0, 5682
127998,0, 0, 0, 0, 5682
128048,0, 0, 0, 0, 5682
128098,0, 0, 0, 0, 5682
128148,0, 0, 0, 0, 5682
128198,0, 0, 0, 0, 5682
128250,0, 0, 0, 0, 5682
128300,0, 0, 0, 0, 5682
128350,0, 0, 0, 0, 5682
128400,0, 0, 0, 0, 5682
128451,0, 0, 0, 0, 5682
128503,0, 0, 0, 0, 5682
128553,0, 0, 0, 0, 5682
128603,0, 0, 0, 0, 5682
128653,0, 0, 0, 0, 5682
128703,0, 0, 0, 0, 5682
128755,0, 0, 0, 0, 5682
128805,0, 0, 0, 0, 5682
128855,0, 0, 0, 0, 5682
128905,0, 0, 0, 0, 5682
128955,0, 0, 0, 0, 5682
129009,0, 0, 0, 0, 5682
129059,0, 0, 0, 0, 5682
129109,0, 0, 0, 0, 5682
129159,0, 0, 0, 0, 5682
129209,0, 0, 0, 0, 5682
129261,0, 0, 0, 0, 5682
129313,0, 0, 0, 0, 5682
129363,0, 0, 0, 0, 5682
129413,0, 0, 0, 0, 5682
129463,0, 0, 0, 0, 5682
129514,0, 0, 0, 0, 5682
129566,0, 0, 0, 0, 5682
129616,0, 0, 0, 0, 5682
129666,0, 0, 0, 0, 5682
129716,0, 0, 0, 0, 5682
129766,0, 0, 0, 0, 5682
129818,0, 0, 0, 0, 5682
129868,0, 0, 0, 0, 5682
129918,0, 0, 0, 0, 5682
129968,0, 0, 0, 0, 5682
130018,0, 0, 0, 0, 5682
130070,0, 0, 0, 0, 5682
130120,0, 0, 0, 0, 5682
130170,0, 0, 0, 0, 5682
130220,0, 0, 0, 0, 5682
130270,0, 0, 0, 0, 5682
130322,0, 0, 0, 0, 5682
130372,0, 0, 0, 0, 5682
130422,0, 0, 0, 0, 5682
130472,0, 0, 0, 0, 5682
130522,0, 0, 0, 0, 5682
130576,0, 0, 0, 0, 5682
130626,0, 0, 0, 0, 5682
130676,0, 0, 0, 0, 5682
130726,0, 0, 0, 0, 5682
130776,0, 0, 0, 0, 5682
130828,0, 0, 0, 0, 5682
130878,0, 0, 0, 0, 5682
130928,0, 0, 0, 0, 5682
130978,0, 0, 0, 0, 5682
131028,0, 0, 0, 0, 5682
131080,0, 0, 0, 0, 5682
131130,0, 0, 0, 0, 5682
131180,0, 0, 0, 0, 5682
131230,0, 0, 0, 0, 5682
131280,0, 0, 0, 0, 5682
131332,0, 0, 0, 0, 5682
131382,0, 0, 0, 0, 5682
131432,0, 0, 0, 0, 5682
131482,0, 0, 0, 0, 5682
131532,0, 0, 0, 0, 5682
131584,0, 0, 0, 0, 5682
131634,0, 0, 0, 0, 5682
131685,0, 0, 0, 0, 5682
131735,0, 0, 0, 0, 5682
131785,0, 0, 0, 0, 5682
131837,0, 0, 0, 0, 5682
131887,0, 0, 0, 0, 5682
131937,0, 0, 0, 0, 5682
131987,0, 0, 0, 0, 5682
132037,0, 0, 0, 0, 5682
132089,0, 0, 0, 0, 5682
132139,0, 0, 0, 0, 5682
132189,0, 0, 0, 0, 5682
132239,0, 0, 0, 0, 5682
132289,0, 0, 0, 0, 5682
132341,0, 0, 0, 0, 5682
132391,0, 0, 0, 0, 5682
132441,0, 0, 0, 0, 5682
132491,0, 0, 0, 0, 5682
132541,0, 0, 0, 0, 5682
132593,0, 0, 0, 0, 5682
132643,0, 0, 0, 0, 5682
132693,0, 0, 0, 0, 5682
132744,0, 0, 0, 0, 5682
132794,0, 0, 0, 0, 5682
132846,0, 0, 0, 0, 5682
132896,0, 0, 0, 0, 5682
132946,0, 0, 0, 0, 5682
132996,0, 0, 0, 0, 5682
133046,0, 0, 0, 0, 5682
133098,0, 0, 0, 0, 5682
133148,0, 0, 0, 0, 5682
133198,0, 0, 0, 0, 5682
133248,0, 0, 0, 0, 5682
133298,0, 0, 0, 0, 5682
133350,0, 0, 0, 0, 5682
133400,0, 0, 0, 0, 5682
133450,0, 0, 0, 0, 5682
133500,0, 0, 0, 0, 5682
133550,0, 0, 0, 0, 5682
133602,0, 0, 0, 0, 5682
133652,0, 0, 0, 0, 5682
133702,0, 0, 0, 0, 5682
133752,0, 0, 0, 0, 5682
133803,0, 0, 0, 0, 5682
133855,0, 0, 0, 0, 5682
133905,0, 0, 0, 0, 5682
133955,0, 0, 0, 0, 5682
134005,0, 0, 0, 0, 5682
134055,0, 0, 0, 0, 5682
134107,0, 0, 0, 0, 5682
134157,0, 0, 0, 0, 5682
134207,0, 0, 0, 0, 5682
134257,0, 0, 0, 0, 5682
134307,0, 0, 0, 0, 5682
134361,0, 0, 0, 0, 5682
134411,0, 0, 0, 0, 5682
134461,0, 0, 0, 0, 5682
134511,0, 0, 0, 0, 5682
134561,0, 0, 0, 0, 5682
134613,0, 0, 0, 0, 5682
134663,0, 0, 0, 0, 5682
134713,0, 0, 0, 0, 5682
134763,0, 0, 0, 0, 5682
134813,0, 0, 0, 0, 5682
134865,0, 0, 0, 0, 5682
134916,0, 0, 0, 0, 5682
134966,0, 0, 0, 0, 5682
135016,0, 0, 0, 0, 5682
135066,0, 0, 0, 0, 5682
135118,0, 0, 0, 0, 5682
135168,0, 0, 0, 0, 5682
135218,0, 0, 0, 0, 5682
135268,0, 0, 0, 0, 5682
135318,0, 0, 0, 0, 5682
135417,0, 0, 0, 0, 5682
135467,0, 0, 0, 0, 5682
135517,0, 0, 0, 0, 5682
135567,0, 0, 0, 0, 5682
135617,0, 0, 0, 0, 5682
135669,0, 0, 0, 0, 5682
135719,0, 0, 0, 0, 5682
135769,0, 0, 0, 0, 5682
135819,0, 0, 0, 0, 5682
135869,0, 0, 0, 0, 5682
135921,0, 0, 0, 0, 5682
135971,0, 0, 0, 0, 5682
136022,0, 0, 0, 0, 5682
136072,0, 0, 0, 0, 5682
136122,0, 0, 0, 0, 5682
136174,0, 0, 0, 0, 5682
136224,0, 0, 0, 0, 5682
136274,0, 0, 0, 0, 5682
136324,0, 0, 0, 0, 5682
136374,0, 0, 0, 0, 5682
136426,0, 0, 0, 0, 5682
136476,0, 0, 0, 0, 5682
136526,0, 0, 0, 0, 5682
136576,0, 0, 0, 0, 5682
136626,0, 0, 0, 0, 5682
136678,0, 0, 0, 0, 5682
136728,0, 0, 0, 0, 5682
136778,0, 0, 0, 0, 5682
136828,0, 0, 0, 0, 5682
136878,0, 0, 0, 0, 5682
136930,0, 0, 0, 0, 5682
136980,0, 0, 0, 0, 5682
137030,0, 0, 0, 0, 5682
137081,0, 0, 0, 0, 5682
137131,0, 0, 0, 0, 5682
137183,0, 0, 0, 0, 5682
137233,0, 0, 0, 0, 5682
137283,0, 0, 0, 0, 5682
137333,0, 0, 0, 0, 5682
137383,0, 0, 0, 0, 5682
137435,0, 0, 0, 0, 5682
137485,0, 0, 0, 0, 5682
137535,0, 0, 0, 0, 5682
137585,0, 0, 0, 0, 5682
137635,0, 0, 0, 0, 5682
137687,0, 0, 0, 0, 5682
137737,0, 0, 0, 0, 5682
137787,0, 0, 0, 0, 5682
137837,0, 0, 0, 0, 5682
137887,0, 0, 0, 0, 5682
137939,0, 0, 0, 0, 5682
137989,0, 0, 0, 0, 5682
138039,0, 0, 0, 0, 5682
138089,0, 0, 0, 0, 5682
138139,0, 0, 0, 0, 5682
138193,0, 0, 0, 0, 5682
138243,0, 0, 0, 0, 5682
138293,0, 0, 0, 0, 5682
138343,0, 0, 0, 0, 5682
138393,0, 0, 0, 0, 5682
138445,0, 0, 0, 0, 5682
138495,0, 0, 0, 0, 5682
138545,0, 0, 0, 0, 5682
138595,0, 0, 0, 0, 5682
138645,0, 0, 0, 0, 5682
138697,0, 0, 0, 0, 5682
138747,0, 0, 0, 0, 5682
138797,0, 0, 0, 0, 5682
138847,0, 0, 0, 0, 5682
138897,0, 0, 0, 0, 5682
138949,0, 0, 0, 0, 5682
138999,0, 0, 0, 0, 5682
139049,0, 0, 0, 0, 5682
139099,0, 0, 0, 0, 5682
139149,0, 0, 0, 0, 5682
139201,0, 0, 0, 0, 5682
139252,0, 0, 0, 0, 5682
139302,0, 0, 0, 0, 5682
139352,0, 0, 0, 0, 5682
139402,0, 0, 0, 0, 5682
139454,0, 0, 0, 0, 5682
139504,0, 0, 0, 0, 5682
139554,0, 0, 0, 0, 5682
139604,0, 0, 0, 0, 5682
139654,0, 0, 0, 0, 5682
139706,0, 0, 0, 0, 5682
139756,0, 0, 0, 0, 5682
139806,0, 0, 0, 0, 5682
139856,0, 0, 0, 0, 5682
139906,0, 0, 0, 0, 5682
139958,0, 0, 0, 0, 5682
140008,0, 0, 0, 0, 5682
140058,0, 0, 0, 0, 5682
140108,0, 0, 0, 0, 5682
140158,0, 0, 0, 0, 5682
140210,0, 0, 0, 0, 5682
140260,0, 0, 0, 0, 5682
140311,0, 0, 0, 0, 5682
140361,0, 0, 0, 0, 5682
140411,0, 0, 0, 0, 5682
140463,0, 0, 0, 0, 5682
140513,0, 0, 0, 0, 5682
140563,0, 0, 0, 0, 5682
140613,0, 0, 0, 0, 5682
140663,0, 0, 0, 0, 5682
140715,0, 0, 0, 0, 5682
140765,0, 0, 0, 0, 5682
140815,0, 0, 0, 0, 5682
140865,0, 0, 0, 0, 5682
140915,0, 0, 0, 0, 5682
140969,0, 0, 0, 0, 5682
141019,0, 0, 0, 0, 5682
141069,0, 0, 0, 0, 5682
141119,0, 0, 0, 0, 5682
141169,0, 0, 0, 0, 5682
141221,0, 0, 0, 0, 5682
141271,0, 0, 0, 0, 5682
141321,0, 0, 0, 0, 5682
141371,0, 0, 0, 0, 5682
141422,0, 0, 0, 0, 5682
141474,0, 0, 0, 0, 5682
141524,0, 0, 0, 0, 5682
141574,0, 0, 0, 0, 5682
141624,0, 0, 0, 0, 5682
141674,0, 0, 0, 0, 5682
141726,0, 0, 0, 0, 5682
141776,0, 0, 0, 0, 5682
141826,0, 0, 0, 0, 5682
141876,0, 0, 0, 0, 5682
141926,0, 0, 0, 0, 5682
141978,0, 0, 0, 0, 5682
142028,0, 0, 0, 0, 5682
142078,0, 0, 0, 0, 5682
142128,0, 0, 0, 0, 5682
142178,0, 0, 0, 0, 5682
142230,0, 0, 0, 0, 5682
142282,0, 0, 0, 0, 5682
142332,0, 0, 0, 0, 5682
142382,0, 0, 0, 0, 5682
142432,0, 0, 0, 0, 5682
142484,0, 0, 0, 0, 5682
142541,0, 0, 0, 0, 5682
142591,0, 0, 0, 0, 5682
142641,0, 0, 0, 0, 5682
142691,0, 0, 0, 0, 5682
142741,0, 0, 0, 0, 5682
142794,0, 0, 0, 0, 5682
142844,0, 0, 0, 0, 5682
142894,0, 0, 0, 0, 5682
142944,0, 0, 0, 0, 5682
142994,0, 0, 0, 0, 5682
143046,0, 0, 0, 0, 5682
143096,0, 0, 0, 0, 5682
143146,0, 0, 0, 0, 5682
143196,0, 0, 0, 0, 5682
143246,0, 0, 0, 0, 5682
143298,0, 0, 0, 0, 5682
143348,0, 0, 0, 0, 5682
143398,0, 0, 0, 0, 5682
143448,0, 0, 0, 0, 5682
143498,0, 0, 0, 0, 5682
143551,0, 0, 0, 0, 5682
143601,0, 0, 0, 0, 5682
143651,0, 0, 0, 0, 5682
143701,0, 0, 0, 0, 5682
143751,0, 0, 0, 0, 5682
143803,0, 0, 0, 0, 5682
143853,0, 0, 0, 0, 5682
143903,0, 0, 0, 0, 5682
143953,0, 0, 0, 0, 5682
144003,0, 0, 0, 0, 5682
144055,0, 0, 0, 0, 5682
144105,0, 0, 0, 0, 5682
144155,0, 0, 0, 0, 5682
144205,0, 0, 0, 0, 5682
144255,0, 0, 0, 0, 5682
144307,0, 0, 0, 0, 5682
144357,0, 0, 0, 0, 5682
144407,0, 0, 0, 0, 5682
144457,0, 0, 0, 0, 5682
144507,0, 0, 0, 0, 5682
144559,0, 0, 0, 0, 5682
144609,0, 0, 0, 0, 5682
144660,0, 0, 0, 0, 5682
144710,0, 0, 0, 0, 5682
144760,0, 0, 0, 0, 5682
144812,0, 0, 0, 0, 5682
144862,0, 0, 0, 0, 5682
144912,0, 0, 0, 0, 5682
144962,0, 0, 0, 0, 5682
145012,0, 0, 0, 0, 5682
145064,0, 0, 0, 0, 5682
145114,0, 0, 0, 0, 5682
145164,0, 0, 0, 0, 5682
145214,0, 0, 0, 0, 5682
145264,0, 0, 0, 0, 5682
145316,0, 0, 0, 0, 5682
145366,0, 0, 0, 0, 5682
145416,0, 0, 0, 0, 5682
145466,0, 0, 0, 0, 5682
145516,0, 0, 0, 0, 5682
145568,0, 0, 0, 0, 5682
145618,0, 0, 0, 0, 5682
145668,0, 0, 0, 0, 5682
145719,0, 0, 0, 0, 5682
145769,0, 0, 0, 0, 5682
145821,0, 0, 0, 0, 5682
145871,0, 0, 0, 0, 5682
145921,0, 0, 0, 0, 5682
145971,0, 0, 0, 0, 5682
146021,0, 0, 0, 0, 5682
146075,0, 0, 0, 0, 5682
146125,0, 0, 0, 0, 5682
146175,0, 0, 0, 0, 5682
146225,0, 0, 0, 0, 5682
146275,0, 0, 0, 0, 5682
146327,0, 0, 0, 0, 5682
146377,0, 0, 0, 0, 5682
146427,0, 0, 0, 0, 5682
146477,0, 0, 0, 0, 5682
146527,0, 0, 0, 0, 5682
146579,0, 0, 0, 0, 5682
146629,0, 0, 0, 0, 5682
146679,0, 0, 0, 0, 5682
146729,0, 0, 0, 0, 5682
146780,0, 0, 0, 0, 5682
146832,0, 0, 0, 0, 5682
146882,0, 0, 0, 0, 5682
146932,0, 0, 0, 0, 5682
146982,0, 0, 0, 0, 5682
147032,0, 0, 0, 0, 5682
147084,0, 0, 0, 0, 5682
147134,0, 0, 0, 0, 5682
147184,0, 0, 0, 0, 5682
147234,0, 0, 0, 0, 5682
147284,0, 0, 0, 0, 5682
147336,0, 0, 0, 0, 5682
147386,0, 0, 0, 0, 5682
147436,0, 0, 0, 0, 5682
147486,0, 0, 0, 0, 5682
147536,0, 0, 0, 0, 5682
147588,0, 0, 0, 0, 5682
147638,0, 0, 0, 0, 5682
147688,0, 0, 0, 0, 5682
147738,0, 0, 0, 0, 5682
147788,0, 0, 0, 0, 5682
147840,0, 0, 0, 0, 5682
147891,0, 0, 0, 0, 5682
147941,0, 0, 0, 0, 5682
147991,0, 0, 0, 0, 5682
148041,0, 0, 0, 0, 5682
148093,0, 0, 0, 0, 5682
148143,0, 0, 0, 0, 5682
148193,0, 0, 0, 0, 5682
148243,0, 0, 0, 0, 5682
148293,0, 0, 0, 0, 5682
148345,0, 0, 0, 0, 5682
148395,0, 0, 0, 0, 5682
148445,0, 0, 0, 0, 5682
148495,0, 0, 0, 0, 5682
148545,0, 0, 0, 0, 5682
148597,0, 0, 0, 0, 5682
148647,0, 0, 0, 0, 5682
148697,0, 0, 0, 0, 5682
148747,0, 0, 0, 0, 5682
148797,0, 0, 0, 0, 5682
148849,0, 0, 0, 0, 5682
148899,0, 0, 0, 0, 5682
148950,0, 0, 0, 0, 5682
149000,0, 0, 0, 0, 5682
149050,0, 0, 0, 0, 5682
149102,0, 0, 0, 0, 5682
149152,0, 0, 0, 0, 5682
149202,0, 0, 0, 0, 5682
149252,0, 0, 0, 0, 5682
149302,0, 0, 0, 0, 5682
149354,0, 0, 0, 0, 5682
149404,0, 0, 0, 0, 5682
149454,0, 0, 0, 0, 5682
149504,0, 0, 0, 0, 5682
149554,0, 0, 0, 0, 5682
149606,0, 0, 0, 0, 5682
149656,0, 0, 0, 0, 5682
149706,0, 0, 0, 0, 5682
149756,0, 0, 0, 0, 5682
149806,0, 0, 0, 0, 5682
149858,0, 0, 0, 0, 5682
149908,0, 0, 0, 0, 5682
149958,0, 0, 0, 0, 5682
150009,0, 0, 0, 0, 5682
150059,0, 0, 0, 0, 5682
150111,0, 0, 0, 0, 5682
150161,0, 0, 0, 0, 5682
150211,0, 0, 0, 0, 5682
150261,0, 0, 0, 0, 5682
150311,0, 0, 0, 0, 5682
150363,0, 0, 0, 0, 5682
150413,0, 0, 0, 0, 5682
150463,0, 0, 0, 0, 5682
150513,0, 0, 0, 0, 5682
150563,0, 0, 0, 0, 5682
150615,0, 0, 0, 0, 5682
150665,0, 0, 0, 0, 5682
150715,0, 0, 0, 0, 5682
150765,0, 0, 0, 0, 5682
150815,0, 0, 0, 0, 5682
150867,0, 0, 0, 0, 5682
150917,0, 0, 0, 0, 5682
150967,0, 0, 0, 0, 5682
151017,0, 0, 0, 0, 5682
151067,0, 0, 0, 0, 5682
151120,0, 0, 0, 0, 5682
151170,0, 0, 0, 0, 5682
151220,0, 0, 0, 0, 5682
151270,0, 0, 0, 0, 5682
151320,0, 0, 0, 0, 5682
151372,0, 0, 0, 0, 5682
151422,0, 0, 0, 0, 5682
151472,0, 0, 0, 0, 5682
151522,0, 0, 0, 0, 5682
151572,0, 0, 0, 0, 5682
151624,0, 0, 0, 0, 5682
151674,0, 0, 0, 0, 5682
151724,0, 0, 0, 0, 5682
151774,0, 0, 0, 0, 5682
151824,0, 0, 0, 0, 5682
151877,0, 0, 0, 0, 5682
151927,0, 0, 0, 0, 5682
151977,0, 0, 0, 0, 5682
152027,0, 0, 0, 0, 5682
152077,0, 0, 0, 0, 5682
152129,0, 0, 0, 0, 5682
152180,0, 0, 0, 0, 5682
152230,0, 0, 0, 0, 5682
152280,0, 0, 0, 0, 5682
152330,0, 0, 0, 0, 5682
152382,0, 0, 0, 0, 5682
152432,0, 0, 0, 0, 5682
152482,0, 0, 0, 0, 5682
152532,0, 0, 0, 0, 5682
152582,0, 0, 0, 0, 5682
152634,0, 0, 0, 0, 5682
152684,0, 0, 0, 0, 5682
152734,0, 0, 0, 0, 5682
152784,0, 0, 0, 0, 5682
152834,0, 0, 0, 0, 5682
152886,0, 0, 0, 0, 5682
152936,0, 0, 0, 0, 5682
152986,0, 0, 0, 0, 5682
153036,0, 0, 0, 0, 5682
153086,0, 0, 0, 0, 5682
153138,0, 0, 0, 0, 5682
153188,0, 0, 0, 0, 5682
153239,0, 0, 0, 0, 5682
153289,0, 0, 0, 0, 5682
153339,0, 0, 0, 0, 5682
153391,0, 0, 0, 0, 5682
153441,0, 0, 0, 0, 5682
153491,0, 0, 0, 0, 5682
153541,0, 0, 0, 0, 5682
153591,0, 0, 0, 0, 5682
153643,0, 0, 0, 0, 5682
153693,0, 0, 0, 0, 5682
153743,0, 0, 0, 0, 5682
153793,0, 0, 0, 0, 5682
153843,0, 0, 0, 0, 5682
153895,0, 0, 0, 0, 5682
153945,0, 0, 0, 0, 5682
153995,0, 0, 0, 0, 5682
154045,0, 0, 0, 0, 5682
154095,0, 0, 0, 0, 5682
154147,0, 0, 0, 0, 5682
154197,0, 0, 0, 0, 5682
154247,0, 0, 0, 0, 5682
154297,0, 0, 0, 0, 5682
154348,0, -10000000, 0, 0, 5682
154400,0, 0, 0, 0, 5682
154450,0, 0, 0, 0, 5682
154500,0, 0, 0, 0, 5682
154550,0, 0, 0, 0, 5682
154600,0, 0, 0, 0, 5682
154652,0, 0, 0, 0, 5682
154702,0, 0, 0, 0, 5682
154752,0, 0, 0, 0, 5682
154802,0, 0, 0, 0, 5682
154852,0, 0, 0, 0, 5682
154904,0, 0, 0, 0, 5682
154954,0, 0, 0, 0, 5682
155004,0, 0, 0, 0, 5682
155054,0, 0, 0, 0, 5682
155104,0, 0, 0, 0, 5682
155156,0, 0, 0, 0, 5682
155208,0, 0, 0, 0, 5682
155258,0, 0, 0, 0, 5682
155308,0, 0, 0, 0, 5682
155358,0, 0, 0, 0, 5682
155409,0, 0, 0, 0, 5682
155461,0, 0, 0, 0, 5682
155511,0, 0, 0, 0, 5682
155561,0, 0, 0, 0, 5682
155611,0, 0, 0, 0, 5682
155661,0, 0, 0, 0, 5682
155713,0, 0, 0, 0, 5682
155763,0, 0, 0, 0, 5682
155813,0, 0, 0, 0, 5682
155863,0, 0, 0, 0, 5682
155913,0, 0, 0, 0, 5682
155965,0, 0, 0, 0, 5682
156015,0, 0, 0, 0, 5682
156065,0, 0, 0, 0, 5682
156115,0, 0, 0, 0, 5682
156165,0, 0, 0, 0, 5682
156217,0, 0, 0, 0, 5682
156267,0, 0, 0, 0, 5682
156317,0, 0, 0, 0, 5682
156367,0, 0, 0, 0, 5682
156417,0, 0, 0, 0, 5682
156471,0, 0, 0, 0, 5682
156521,0, 0, 0, 0, 5682
156571,0, 0, 0, 0, 5682
156621,0, 0, 0, 0, 5682
156671,0, 0, 0, 0, 5682
156723,0, 0, 0, 0, 5682
156773,0, 0, 0, 0, 5682
156823,0, 0, 0, 0, 5682
156873,0, 0, 0, 0, 5682
156923,0, 0, 0, 0, 5682
156975,0, 0, 0, 0, 5682
157025,0, 0, 0, 0, 5682
157075,0, 0, 0, 0, 5682
157125,0, 0, 0, 0, 5682
157175,0, 0, 0, 0, 5682
157229,0, 0, 0, 0, 5682
157279,0, 0, 0, 0, 5682
157329,0, 0, 0, 0, 5682
157379,0, 0, 0, 0, 5682
157429,0, 0, 0, 0, 5682
157481,0, 0, 0, 0, 5682
157531,0, 0, 0, 0, 5682
157582,0, 0, 0, 0, 5682
157632,0, 0, 0, 0, 5682
157682,0, 0, 0, 0, 5682
157734,0, 0, 0, 0, 5682
157784,0, 0, 0, 0, 5682
157834,0, 0, 0, 0, 5682
157884,0, 0, 0, 0, 5682
157934,0, 0, 0, 0, 5682
157986,0, 0, 0, 0, 5682
158036,0, 0, 0, 0, 5682
158086,0, 0, 0, 0, 5682
158136,0, 0, 0, 0, 5682
158186,0, 0, 0, 0, 5682
158238,0, 0, 0, 0, 5682
158288,0, 0, 0, 0, 5682
158338,0, 0, 0, 0, 5682
158388,0, 0, 0, 0, 5682
158438,0, 0, 0, 0, 5682
158490,0, 0, 0, 0, 5682
158540,0, 0, 0, 0, 5682
158590,0, 0, 0, 0, 5682
158641,0, 0, 0, 0, 5682
158691,0, 0, 0, 0, 5682
158743,0, 0, 0, 0, 5682
158793,0, 0, 0, 0, 5682
158843,0, 0, 0, 0, 5682
158893,0, 0, 0, 0, 5682
158943,0, 0, 0, 0, 5682
158995,0, 0, 0, 0, 5682
159045,0, 0, 0, 0, 5682
159095,0, 0, 0, 0, 5682
159145,0, 0, 0, 0, 5682
159195,0, 0, 0, 0, 5682
159247,0, 0, 0, 0, 5682
159297,0, 0, 0, 0, 5682
159347,0, 0, 0, 0, 5682
159397,0, 0, 0, 0, 5682
159447,0, 0, 0, 0, 5682
159499,0, 0, 0, 0, 5682
159549,0, 0, 0, 0, 5682
159599,0, 0, 0, 0, 5682
159649,0, 0, 0, 0, 5682
159700,0, 0, 0, 0, 5682
159752,0, 0, 0, 0, 5682
159802,0, 0, 0, 0, 5682
159852,0, 0, 0, 0, 5682
159902,0, 0, 0, 0, 5682
159952,0, 0, 0, 0, 5682
160004,0, 0, 0, 0, 5682
160054,0, 0, 0, 0, 5682
160104,0, 0, 0, 0, 5682
160154,0, 0, 0, 0, 5682
160204,0, 0, 0, 0, 5682
160256,0, 0, 0, 0, 5682
160306,0, 0, 0, 0, 5682
160356,0, 0, 0, 0, 5682
160406,0, 0, 0, 0, 5682
160456,0, 0, 0, 0, 5682
160508,0, 0, 0, 0, 5682
160558,0, 0, 0, 0, 5682
160608,0, 0, 0, 0, 5682
160658,0, 0, 0, 0, 5682
160708,0, 0, 0, 0, 5682
160760,0, 0, 0, 0, 5682
160811,0, 0, 0, 0, 5682
160861,0, 0, 0, 0, 5682
160911,0, 0, 0, 0, 5682
160961,0, 0, 0, 0, 5682
161013,0, 0, 0, 0, 5682
161063,0, 0, 0, 0, 5682
161113,0, 0, 0, 0, 5682
161163,0, 0, 0, 0, 5682
161213,0, 0, 0, 0, 5682
161265,0, 0, 0, 0, 5682
161315,0, 0, 0, 0, 5682
161365,0, 0, 0, 0, 5682
161415,0, 0, 0, 0, 5682
161465,0, 0, 0, 0, 5682
161517,0, 0, 0, 0, 5682
161567,0, 0, 0, 0, 5682
161617,0, 0, 0, 0, 5682
161667,0, 0, 0, 0, 5682
161717,0, 0, 0, 0, 5682
161769,0, 0, 0, 0, 5682
161819,0, 0, 0, 0, 5682
161870,0, 0, 0, 0, 5682
161920,0, 0, 0, 0, 5682
161970,0, 0, 0, 0, 5682
162022,0, 0, 0, 0, 5682
162072,0, 0, 0, 0, 5682
162122,0, 0, 0, 0, 5682
162172,0, 0, 0, 0, 5682
162222,0, 0, 0, 0, 5682
162274,0, 0, 0, 0, 5682
162324,0, 0, 0, 0, 5682
162374,0, 0, 0, 0, 5682
162424,0, 0, 0, 0, 5682
162474,0, 0, 0, 0, 5682
162526,0, 0, 0, 0, 5682
162576,0, 0, 0, 0, 5682
162626,0, 0, 0, 0, 5682
162676,0, 0, 0, 0, 5682
162726,0, 0, 0, 0, 5682
162778,0, 0, 0, 0, 5682
162828,0, 0, 0, 0, 5682
162878,0, 0, 0, 0, 5682
162930,0, 0, 0, 0, 5682
162980,0, 0, 0, 0, 5682
163032,0, 0, 0, 0, 5682
163082,0, 0, 0, 0, 5682
163132,0, 0, 0, 0, 5682
163182,0, 0, 0, 0, 5682
163232,0, 0, 0, 0, 5682
163284,0, 0, 0, 0, 5682
163334,0, 0, 0, 0, 5682
163384,0, 0, 0, 0, 5682
163434,0, 0, 0, 0, 5682
163484,0, 0, 0, 0, 5682
170000, 1000,1000,1000,1000,100